,dim_0,dim_1,dim_2,dim_3,dim_4,dim_5,dim_6,dim_7,dim_8,dim_9,dim_10,dim_11,dim_12,dim_13,dim_14,dim_15,dim_16,dim_17,dim_18,dim_19,dim_20,dim_21,dim_22,dim_23,dim_24,dim_25,dim_26,dim_27,dim_28,dim_29,dim_30,dim_31
Ti,0.11887830502902526,0.1488061434836287,-0.07375943819247885,0.30990197129017955,-0.22784468687862,0.012371081464225176,-0.2629274343211017,0.1139740235974998,-0.2944248793866011,-0.33302794198971974,-0.12801773173079414,-0.24506241819880692,0.017737399545476144,-0.18025429713095856,0.042636161011034006,-0.086873360723132,-0.3100943483531217,-0.03897838774957424,0.026168762816088778,-0.04070789898960613,-0.23399076264438598,-0.1772327019443045,-0.1766218253682472,-0.06362454136538785,-0.200988478661912,0.16993855673433508,-0.08576623092271314,0.07860010696949388,0.06896023546269327,-0.03749617663666935,0.25752935627166335,0.1874317726180478
钛,-0.2718455538003334,-0.22661697507331743,-0.01212897102888128,0.3373511081137011,-0.16929658563269492,-0.07727542002565513,0.14936158108715875,0.24030566956411323,-0.25014555343950984,0.23526365943303826,-0.19061715208157679,0.05780736927940689,0.1995781710007144,-0.19010122769717094,0.03824937839347927,-0.30376217480116596,0.12954275336690754,0.10792036888820765,0.08452191270919959,-0.1840291048512162,-0.04122089223903131,0.2564588156390899,0.16713703669225047,-0.06575678586269687,-0.006188850531525702,0.16171268216154908,-0.10485506261896713,0.02478811860643642,-0.0022335036398026453,-0.20951804174543123,-0.22145312208381682,0.1374413517603448
Al,0.08077785435760483,0.17398085784917536,0.33424076972281613,0.11715405428679274,-0.11726842529463016,0.20278146939446687,0.14852727364980606,-0.177019826324727,-0.1718001550383191,-0.15895651304696104,-0.3687891203040185,-0.23285876211733242,0.28843800865162383,-0.1662732850704055,-0.0284842661428956,-0.005846874754923126,-0.03891762656335885,0.18104019120907086,-0.0019279419348237092,-0.03230336988031766,-0.3224757104298473,0.059844850142721236,-0.0489484290946748,0.2962690640076203,-0.061386223922151595,-0.09031886240965438,-0.18608104345155219,0.019480437164418815,-0.11634972336170356,-0.07680516249308303,0.23775977946965643,-0.12968067429484156
铝,-0.15371299484534587,0.11218415825694836,0.19949127224353655,0.09139526333892996,-0.2624152868039826,0.07488516190080018,-0.06748275569750325,-0.36516899322062757,0.2767339591177594,-0.25754155653983984,0.1704778992988259,0.0890910130718449,0.024424877175028274,-0.10820833017062569,0.1331747689795369,-0.002422421241263751,0.2444727459445869,0.24118678631237728,0.008921437691715963,-0.23148231268578578,-0.022914325460594877,0.1679456462917365,-0.13562976183206046,-0.03395493980227121,-0.1956329175169502,-0.15822790348704627,-0.1773968346020662,-0.2599558623284476,-0.18933835295584356,0.05114535477550906,-0.2206487557954049,-0.15466890464903021
V,0.29274829847325234,0.06346496396960616,0.2498909111319676,0.3049896214935752,-0.2484291446158396,0.0624548905992328,-0.11724867938002306,0.21442343641749337,-0.21171434953951862,-0.26915423159705426,0.07764368155618297,0.2024915941228005,-0.17640191077217152,-0.05791338159430549,0.02126638217226681,0.16465965205712174,-0.17909731983242064,0.12694151977801563,0.2472027868484966,0.07162618170375093,-0.04373952325252556,-0.3006993571149333,-0.031240436473587953,0.06925195051909641,-0.047044094056655175,0.060528060282365875,-0.13600664625948394,0.020391832027702776,-0.1118057184579567,-0.27405968941767167,0.2431757729414642,-0.1380597049791726
钒,-0.03148151972314934,0.19396654426680496,0.14835627280381206,0.02636841857764621,-0.37835146692939575,0.14587676695971458,0.09994783202488684,-0.26583874932205975,0.17475261225258432,-0.1728892473346536,-0.08827865005264575,0.30216662165330754,-0.026469638166197868,-0.22211938571500844,0.0284503449879201,0.1379175151027722,0.200206251552365,-0.11256047177043496,0.12012078906722685,0.08768958573309285,0.24213739621646488,-0.16717463995863274,-0.015793276255881828,0.2296973614815864,0.17863871739018417,-0.13475993905285,-0.09588842652147105,-0.05823179701147099,-0.28361168953665267,0.2724557165250642,-0.1654235274573135,0.07104076936577054
Mo,0.3421067981594628,0.20267462178481865,-0.2815948909816741,-0.005769999385934042,-0.1464399158296607,-0.06085001270070674,0.21199770586925537,-0.11349272029725903,-0.309261829213292,-0.18110206568597398,-0.021291432122011435,0.19402759162524114,0.09617362036019951,0.2873172259822962,0.062116135633020216,-0.07013831681425556,-0.14993219868718624,-0.10234416146487434,-0.2834036491990518,0.2733395748671315,-0.04652133326164341,-0.06330942007491852,-0.024192294557256126,0.2434922746122684,0.08490587470879571,0.02694340992328886,-0.16767921269369493,-0.08570418579227598,0.24938652748980109,0.14751325660342532,0.05958730612413141,0.16593251352500576
钼,0.2845405501252395,0.33182513834440514,-0.31355791910491204,0.21019796708386113,0.089760027871632,0.08909435678325338,0.2585245173371895,-0.3423654970348018,0.012632379494301103,-0.17231808339972365,-0.10085883100247786,0.236832972504812,-0.12718699521922672,0.01473168412806441,-0.0501848552195476,-0.0896632595999834,-0.23231541298711458,-0.09680785284625226,0.053897333882711944,0.08426244547641495,-0.05016189834842389,-0.2044743801418148,-0.07552177528035428,0.13949642863879685,0.16155900851832433,0.17494036495124185,0.0700247395116848,0.10138649675245683,-0.06105671658687787,0.09467301194743763,0.1986580544271991,0.2764708116635473
Nb,0.1346871815063816,-0.2756073987809782,0.027921141833792174,0.10196084220211718,-0.15845792361566488,-0.11079595016368453,0.2638687929390967,0.1359769560301417,-0.14629225528287593,0.11356075791717637,-0.35793239692314827,-0.2899123968430522,-0.014114457446400447,-0.16039531927558454,-0.19826249380733318,0.3213219753451482,0.15117034708902807,-0.15782730744500056,0.20864199389698332,0.023343067370332822,-0.015277177137330962,0.07614759223773401,-0.07083850461860472,-0.04126735509877518,-0.0679869038897568,-0.26608305629640844,0.19008382439619684,-0.16275628751386972,-0.10617808192367577,-0.2681436930244311,-0.07942212000986579,0.1488670232855306
铌,-0.2369771894180874,0.043088969744636586,-0.24989731427161208,0.2149593093449474,-0.011811134082100995,-0.17352409042902742,0.09283712956989998,0.10050744247928745,0.013992277746948285,0.20666732311015287,-0.24081853604372633,-0.2235203243186404,-0.1408882170026694,-0.24633651855112296,-0.007526090958754204,0.2641703673174445,0.1530770387243834,0.25662641258956653,0.1512656800546247,0.12978579246509575,0.2803647841281415,0.18867914797519375,0.22813193307019305,-0.08050443522541825,0.1704837710736498,0.050815901152808,0.2041189282024921,-0.055118229906434196,-0.09712139249517632,0.22219157416495044,-0.015805585929239453,0.21442199044569205
Zr,0.06511244394254173,-0.33909149926629767,-0.19022427827086993,-0.18699756765271022,0.3116018995052932,-0.07483563822088203,0.047428046259786236,-0.17087478278964569,-0.2798241138644882,0.19119659692736693,-0.22792761563652503,0.06790629158173743,0.04299695968832767,0.09285240316333815,-0.04177556068034114,0.2822748809135027,0.10053798217986958,0.12843647355668988,-0.1753685008147625,-0.16817702186627753,-0.20726737777636836,-0.09996309556951102,-0.2790544614169454,-0.24682199121435258,-0.047051518070761335,-0.23872739178902183,-0.07612360792978082,0.018107338968360004,-0.1045670639104875,0.02618132347365043,-0.00948676166349213,0.2402963772112521
锆,0.21151516367473985,-0.0883092648264111,-0.27503263126387606,-0.08853976987247365,0.1663835175684302,0.21462574539702245,0.05334731710615511,-0.017780907356239346,-0.18890413240313536,0.32515173764399696,0.22653272536107524,-0.06701382755691214,0.12894617813659012,0.06486023558375233,0.08444168542562,-0.18537850751301138,-0.06026085768462371,0.0560883249703572,0.28049624828752723,-0.26937401145715845,0.007399208838716904,0.09610622259491626,-0.2139599053899204,0.09500057387524012,0.11337189177973421,0.07838274896654947,-0.015341996201006802,-0.34304293785776135,0.0764653077573778,0.37793835456130737,0.13554880878123265,0.03799081540248084
Sn,-0.04778065496644767,-0.0394301978386211,-0.23372315434067667,-0.3685124035316144,0.06629498684651043,-0.1044045327775674,-0.034896543917399714,0.2015290253343926,-0.09281202466207422,0.020745002398295215,0.15775707330053096,0.0970231292568413,-0.06516416255570177,0.28319859552914706,0.016717254141437606,0.02303706929680008,-0.13086977021123905,0.2537246182595939,-0.211236081692374,0.12451914627864323,0.1199977934619248,-0.30140386575913897,0.03956520104269123,-0.2647189231588293,-0.24826430968783333,-0.04861553981159682,0.21385628806312768,-0.12705105451289334,0.08923280903119261,-0.3463711822400641,-0.171843036244294,0.13471981424607918
锡,0.16058280691859486,0.27218054743390724,0.1583720917470613,0.036205452229072364,-0.03723616293490631,-0.0972729323849779,-0.0008643077397899527,-0.1351665064888573,-0.16053505690608882,0.2381038933023185,0.3474585587764519,-0.22566316018242885,-0.14617371301385898,0.24060621198100962,-0.03416215371615548,-0.025272693119802805,-0.07806275443624949,-0.21698269273610635,0.12557443569197768,0.1876360964550504,-0.24224451792613846,0.06451434977552088,-0.22211550235121796,-0.19968448278403786,-0.29304506581713047,-0.16539527102513188,-0.17007347370806264,-0.19800244320569071,0.058457725560820815,0.06824852124393357,-0.2364911457400197,0.08871027772354895
Fe,-0.3092304860915323,0.061776092531187085,-0.09683666585872211,-0.1804481413550346,0.06757429693541345,0.26287414539407283,0.04760904605619273,-0.009207231205378743,0.13019786428611654,0.09346006465607687,-0.040040127906070776,0.091999530027417,0.2057647390199248,-0.01819533408355858,0.10300714384322932,0.275697005064587,-0.26403631126333804,0.040877032921897136,-0.1506934348682501,-0.108770414266053,-0.29983680783477995,0.10658962253623366,0.161907113476187,-0.16113816604072853,-0.024602669319602147,-0.335558217519665,0.25730268322069755,-0.12560250065880899,0.18960106050262956,0.19807518357530668,-0.2670613531358441,0.12845262385559567
铁,-0.3885460711763624,0.010661371321650596,-0.1323501698551548,0.12423587130242737,-0.010826020651002594,-0.09314983712631585,-0.17534728063808241,-0.24810317958316178,0.03970328406564481,-0.11919135555840547,0.12460517008607006,0.217786888637572,-0.002029504812629082,0.004039857654504683,0.22682266839648008,0.26460623171722764,0.07834000294727865,0.00792141883913354,-0.2532605783179557,0.054496772932871675,-0.06160505760890271,0.33863515290976515,0.13532976049396028,-0.17702155318587137,0.133772483044438,-0.0874794670771946,0.07502464777579075,-0.052116993928295274,0.19133707995578003,-0.04508859705740127,-0.32216624140914557,0.31126882220759283
Cr,0.29028696226775647,0.1758642273787907,0.12742017574469236,-0.27542984779907465,0.07854193990816137,-0.05984899741243796,0.17348403169049675,0.3174125340126398,0.12551922100547536,0.1548784294921243,0.131284339175995,0.05604748043490409,0.12014088033241807,0.27107464843199663,0.0476055937001104,-0.10652795517504941,-0.07133476564629107,-0.13008843087617603,0.2152146658550503,0.12193066682689963,0.20646396889558732,0.09597056466241834,-0.023251861032459083,0.29648442348940934,-0.2301706214755816,-0.01828081760150811,-0.04241178414165127,-0.22644507054312685,0.09716418241647255,-0.3114991553290675,0.2213441635769481,0.07161247990686455
铬,0.2786331912949374,-0.010743025981233943,-0.09402979957795363,-0.059112106326107625,-0.2707677225925621,-0.13876502449093753,0.23747507514664382,0.2557539370284683,0.21833482742701352,-0.11387544372887173,-0.042733355252182435,0.11470019123734979,0.23260987415475395,0.02924422701692513,0.08854444257890542,-0.08401973924028924,-0.17908045363450736,-0.07131672348918194,0.32233641510397115,-0.14247361250567941,0.29352228145287484,0.21177299181365405,0.09230493989301067,0.18537766603059505,-0.19524665909802347,-0.06929010706481727,-0.16185653551335916,-0.15431661475623104,-0.15027989211006493,-0.2090934954332983,-0.1629927351108508,0.17031447016008433
Ni,-0.17417467672599904,-0.01078058812279875,0.2484460108836159,-0.16317528511958357,0.2834306650565972,-0.12600475894001548,-0.22865152440019493,0.24395924547323303,-0.2851885669761286,-0.0719466354918447,0.15764795508430277,-0.1404690394760379,0.2325853567028082,-0.009445123180277345,0.08659347464029893,0.24336565589131626,0.15279889318423676,-0.10452707471142597,-0.24738728668504856,-0.1884019633393248,0.19298284537093058,-0.026374618033125824,0.22085809512406354,-0.09419436867503378,0.10569823541179889,-0.26587701975939676,0.2094959204390021,0.09623153261067281,0.10238860225558556,-0.09211575435907766,0.1782628345430355,0.0941685069253975
镍,-0.29629098945515314,0.30232564968781866,0.1747864875761993,-0.15416798899126463,-0.1436361299424632,0.0038666220631014977,0.12215727067763478,-0.015023537197112092,0.16359711874929758,-0.09521809711128537,0.3855666028311529,0.06379476066707791,0.03809660843473565,-0.07362288705353956,-0.16861895326400902,-0.07566195266486675,0.3345495217143496,-0.20212861282910946,0.11979490636937025,-0.234555685659275,0.243347795526125,0.28237343808404797,0.06258124154979697,-0.09163915828190204,-0.1307996252541002,-0.04262241753309344,-0.016900963182741768,-0.01460416526066283,-0.13685832767594913,0.048652267411300736,-0.29395917830375007,0.027581610000389355
Ti-6Al-4V,-0.043393315609734286,-0.1368730287904731,-0.31776974670446034,0.1516972486006495,0.15351139343861908,0.26160471682422387,0.34541561665050446,-0.13097348922996202,-0.040756942270329305,0.1863312931322519,0.22241252283405755,-0.1408647077428051,-0.02083883666947072,0.026999588642708808,-0.2725452526836199,-0.10033682077773923,0.2025479797776271,-0.09164041773100289,-0.1873964770730439,0.14848459852403348,0.1435068573158389,0.31681672396356597,0.14447774497514915,-0.03686940720451165,-0.16081991272605173,-0.3002741804088891,0.14434273284201415,0.1080489052661095,-0.04438453885180636,0.1819038183638698,0.045888256513844074,0.015209083936967445
alpha_beta,0.10807678390139164,-0.3449097069221544,0.05743947350711472,0.31676276728844766,0.13708199056333986,0.08966722967169162,0.1413967449552266,0.11091335776431056,0.0017171001710649392,0.23415789501579437,-0.18948846052423976,-0.016362737424490997,0.26100396863310543,0.28893202360651504,-0.23393037205072134,-0.2852004712488397,-0.12246210238732205,0.11208653364547386,-0.14058845094037678,-0.1431763895254818,-0.09560335107009531,0.08488242415175411,-0.26725751038612505,0.1128201737095244,-0.0265331007890892,-0.1274630095731781,0.06561959209845597,-0.14771622997853737,-0.23350237942463675,-0.18734810405289978,0.16117997956842398,-0.030246025780962353
aerospace,-0.14714528273468772,0.17134362667311373,0.09464839648061568,0.07918692622323238,0.336763339106575,0.11229956987655011,0.17725721378641907,-0.051430186529194434,0.004045153691996121,0.22505723920399795,0.0868617657970594,-0.08219771579220948,-0.26526841917392346,-0.33528217333632404,-0.015179899915129049,0.06410910029924875,0.2708135564167207,0.1900994820700752,-0.30668118893951135,-0.060628132681255054,-0.08071214768807257,0.1830572162094848,0.28884377136312583,-0.12056131568520664,-0.031519887023780065,0.07373943348662892,-0.0894605120654591,-0.1914019961013989,0.06291010572850421,0.16821603639872978,0.028543272695286157,0.30372580880413097
Ti-3Al-2.5V,0.11001851532168498,-0.12781188065586938,0.08601179324565018,0.05956614222529683,-0.08342467985929353,0.204418174827699,-0.04249979445570269,0.07706156194164944,0.1855962966272034,-0.011316251506495938,0.24037298878078367,0.1403690700758245,0.06756956061512745,-0.2504764504658844,-0.12392077166142883,0.032407983200722676,0.27057486160917255,-0.07924401024348929,0.11455769544968132,0.13106020868480903,0.14036956727575012,0.2092975786783368,0.1563866005938142,0.039868001854534846,-0.30731089733731465,0.051994708761406445,0.2826840502144849,0.41112134460716787,0.32244147716536214,0.012835763401662379,0.07188458106502202,-0.23159065053116723
alpha,-0.026758480172649868,0.05924816339373852,0.34171340037027287,0.06429834082265003,0.30822216467381824,-0.023313426903965026,-0.17841120706053645,-0.17742975016718238,0.016107680222654915,0.21226331910284935,0.03980463871729751,0.2278342667732239,-0.1494379435765655,-0.1171885889269148,-0.042412815893528584,0.008892748850437374,0.2687028711451048,-0.20471120188504763,-0.1523572664373007,0.21745748101323734,0.16470326081266876,0.07511889436677528,0.17702902137001517,0.15550553381983573,0.09468912920259566,0.3543197852389261,-0.23353397176858662,-0.02054026395226476,0.2707456236767087,-0.11715811139909364,0.09379116577599624,0.14515499912204827
tubing,-0.2479399871617618,-0.14355299090692297,0.05093269841330118,0.02736405210588132,-0.18216012431729042,0.1960186926475384,-0.12645814924473495,-0.13505620485525843,0.11503287174174828,-0.1571037716005564,0.011331349342556954,0.12738267910239506,0.24703342299525985,-0.25286535957951073,-0.2566852763991554,-0.1299276953977752,0.18414475255578944,0.09193033413713211,-0.08290105903134608,-0.030654559950151136,-0.2567510858852828,-0.1356962598164558,0.15693023837618522,-0.2553141324050772,0.1941232770647006,-0.05775833160058099,0.15354410007235383,0.25068931875273354,0.2653176182694741,0.20284159613678465,-0.2830141976813834,-0.05777800619573307
Ti-10V-2Fe-3Al,0.14582594330386828,-0.12636745411335334,0.09679916657837574,0.08243361204698559,0.05203053921035519,0.02494314166064987,0.3290669644521338,-0.07265350601017748,0.09361026915437444,0.02707882742875153,-0.1628388670311028,0.2128797769884498,0.005796772324046864,0.1115877036758323,0.020321151916721708,0.020548554977050965,-0.05986721022354667,0.09403473922499607,0.26478147119133166,-0.07730489496657911,0.30167900155775584,-0.0931539346628191,0.09292095042347792,0.02571781446251993,-0.02189311577375568,0.312062879157148,0.2324208475979001,0.043516793180153446,-0.1990556898095894,0.33240423102911204,0.36866383183522294,-0.31266075462913695
beta,0.0872603832364216,-0.11589426785375888,0.04991417658611273,0.19748558127134436,0.1048803287547725,-0.1583708138483744,-0.15899351636347064,-0.03576075168225158,0.21157641898434723,0.35969869301458307,-0.013141006337105863,-0.10015232537616102,0.3253498299079478,0.1648604300386369,0.1912123616777486,-0.08924137183183985,-0.1773599240682796,-0.21471463353403267,0.02806937007300777,-0.28778981986832597,-0.015077010910171931,-0.15248544093586977,-0.04057178856314247,0.33204353588596414,0.09559403178051058,0.07833551764521608,-0.1746942125158449,0.07347884830635348,-0.062033557534938895,-0.1570769744405531,0.13954168195248665,-0.3423180334576708
high_strength,0.29734298656177716,0.034827945667827376,-0.21169969893776044,-0.27825202953809536,0.07534097051740204,-0.26556408206352894,-0.19807150633682274,-0.14331842189435626,-0.2367852982615834,-0.19280810057975886,-0.08287923000305415,0.11003154540518002,-0.19443150513442936,-0.04488839798098703,-0.1323598494413882,-0.17298918202077546,-0.03489358446366919,-0.037764475758737696,-0.06776090695844433,-0.232427585901344,-0.21163292371390233,0.24530556967404418,0.3168544056594377,-0.16748189544960773,0.33532640027863775,-0.02649205077590027,-0.13365801135318978,0.010136303478038731,-0.060259632838068886,-0.11483003493781964,-0.08500784031090601,0.053429165420066295
Ti-6Al-2Sn-4Zr-2Mo,-0.09733510117378909,-0.19048950963998582,0.023458472247566215,0.18147816638111605,-0.08697116830662066,0.18757710075248496,0.2734793712416827,0.18489120462749903,-0.15116454440368424,-0.19805362293298445,-0.15027429362729183,0.0533265140778377,-0.035935312370349456,-0.23648622476281142,-0.02556552406925808,-0.08429099916829556,-0.23721787185121251,-0.19581181209983517,0.07699829470356064,-0.17936598855822164,0.14964400663449168,0.21447587225163925,-0.166094816331778,-0.1858880245368426,-0.299982419862459,-0.169620019868313,0.219470861840109,0.13600418369505238,-0.1356022275275522,0.3167003280035312,0.09218904628848341,-0.20172010146909394
high_temperature,-0.2040134967626915,-0.10249775965453078,-0.3161342807745963,-0.13685742167515524,-0.05828285828913843,0.2494320227453472,-0.11994439097507216,0.1516753278419896,-0.17958123138755153,-0.25031984662273615,0.18875465977655637,-0.10116459000383644,0.11116640670550959,-0.07767368948228473,0.11729250992933714,-0.30364596839907787,-0.016741440494489317,-0.08815394948104313,0.05318120981571097,-0.28685488092156064,-0.28146389282639833,0.20037275919128175,-0.19975569516602032,0.13412606463547314,0.06060643241488935,-0.18918775082256162,-0.03858657922929918,-0.2701863073446109,-0.14386798341297188,0.21708788428555933,-0.09383347402720899,-0.00785613628446814
