,0,1,2,3,4,5,6,7,8,9,10,11,12,13,14,15,16,17,18,19,20,21,22,23,24,25,26,27,28,29,30,31,32,33,34,35,36,37,38,39,40,41,42,43,44,45,46,47,48,49,50,51,52,53,54,55,56,57,58,59,60,61,62,63,64,65,66,67,68,69,70,71,72,73,74,75,76,77,78,79,80,81,82,83,84,85,86,87,88,89,90,91,92,93,94,95,96,97,98,99,100,101,102,103,104,105,106,107,108,109,110,111,112,113,114,115,116,117,118,119,120,121,122,123,124,125,126,127
Ti,0.04967141530112327,-0.013826430117118467,0.06476885381006925,0.15230298564080255,-0.023415337472333597,-0.023413695694918055,0.15792128155073915,0.07674347291529088,-0.04694743859349521,0.05425600435859647,-0.046341769281246226,-0.04657297535702569,0.02419622715660341,-0.1913280244657798,-0.1724917832513033,-0.05622875292409727,-0.10128311203344238,0.03142473325952739,-0.0908024075521211,-0.14123037013352915,0.14656487689215542,-0.02257763004865357,0.006752820468792384,-0.14247481862134567,-0.05443827245251827,0.01109225897098661,-0.11509935774223029,0.0375698018345672,-0.0600638689918805,-0.02916937497932768,-0.060170661222939695,0.18522781845089378,-0.0013497224737933921,-0.10577109289559004,0.08225449121031891,-0.12208436499710223,0.020886359500475543,-0.19596701238797756,-0.13281860488984307,0.019686123586912352,0.07384665799954104,0.01713682811899705,-0.011564828238824054,-0.03011036955892888,-0.14785219903674274,-0.07198442083947086,-0.046063877095978756,0.10571222262189157,0.03436182895684614,-0.1763040155362734,0.0324083969394795,-0.038508228041631655,-0.06769220003059588,0.06116762888408679,0.1030999522495951,0.09312801191161986,-0.08392175232226386,-0.03092123758512146,0.033126343140356396,0.09755451271223592,-0.047917423784529,-0.01856589766638171,-0.11063349740060283,-0.11962066240806708,0.08125258223941981,0.1356240028570823,-0.007201012158033385,0.10035328978920242,0.036163602504763415,-0.06451197546051243,0.036139560550841394,0.15380365664659693,-0.003582603910995154,0.15646436558140064,-0.26197451040897446,0.08219025043752239,0.008704706823817123,-0.029900735046586746,0.00917607765355023,-0.1987568914600893,-0.021967188783751194,0.035711257151174645,0.14778940447415162,-0.05182702182736474,-0.08084936028931877,-0.05017570435845366,0.09154021177020742,0.03287511096596845,-0.05297602037670388,0.05132674331133561,0.009707754934804039,0.09686449905328892,-0.07020530938773524,-0.032766214659776825,-0.03921081531321577,-0.14635149481321186,0.029612027706457607,0.026105527217988936,0.000511345664246089,-0.023458713337514692,-0.14153707420504144,-0.04206453227653591,-0.03427145165267695,-0.0802277269221619,-0.016128571166600915,0.040405085681453845,0.18861859012105303,0.017457781283183895,0.02575503907227644,-0.007444591576616722,-0.19187712152990416,-0.002651387544921688,0.006023020994102644,0.24632421124852863,-0.019236096478112252,0.03015473423336125,-0.0034711769705243313,-0.11686780376195322,0.11428228145150206,0.07519330326867742,0.0791031947043047,-0.09093874547947389,0.14027943109360994,-0.1401851062792281,0.05868570938002703,0.21904556258099786,-0.09905363251306884,-0.05662977296027719
钛,0.009965136508764122,-0.05034756541161992,-0.15506634310661327,0.006856297480602733,-0.10623037137261049,0.04735924306351816,-0.09194242342338033,0.15499344050175395,-0.07832532923362372,-0.03220615162056756,0.08135172173696698,-0.12308643164339553,0.022745993460412943,0.13071427542824282,-0.16074832345612278,0.018463385853230423,0.025988279424842355,0.07818228717773104,-0.1236950710878082,-0.13204566130842763,0.05219415656168977,0.029698467323318607,0.025049285034587657,0.03464482094969757,-0.06800247215784909,0.023225369716100355,0.029307247329868127,-0.07143514180263678,0.18657745111447566,0.04738329209117875,-0.11913034972026487,0.06565536086338297,-0.09746816702273214,0.07870846037424521,0.11585955790074041,-0.08206823183517105,0.09633761292443219,0.041278092693649834,0.082206015999449,0.18967929826539476,-0.02453881160028705,-0.07537361643574897,-0.08895144296255234,-0.08158102849654383,-0.007710170941410421,0.03411519748166439,0.027669079933001908,0.08271832490360238,0.001300189187790702,0.1453534077157317,-0.02646568332379561,0.2720169166589619,0.06256673477650063,-0.08571575564162826,-0.10708924980611123,0.04824724152431853,-0.02234627853258509,0.0714000494092092,0.047323762457354486,-0.007282891265687277,-0.0846793718068405,-0.15148472246858646,-0.04465149520670211,0.08563987943234724,0.021409374413020398,-0.12457387787119881,0.0173180925851182,0.03853173797288368,-0.08838574362011331,0.015372510594552791,0.00582087184459999,-0.11429702978306232,0.03577873603482833,0.05607845263682344,0.1083051243175277,0.1053802052034903,-0.13776693679570912,-0.09378250399151228,0.05150352672086598,0.051378595091220884,0.0515047686306048,0.38527314906547216,0.0570890510693167,0.1135565640180599,0.09540017634932024,0.0651391251305798,-0.031526924464034566,0.07589692204932674,-0.07728252145375719,-0.02368186067400089,-0.04853635478291035,0.008187413938632256,0.23146585666735087,-0.18672651925917483,0.06862601903745134,-0.16127158711896517,-0.04719318657894335,0.10889505969673662,0.006428001909546278,-0.10777447779293062,-0.07153037092599683,0.06795977489346759,-0.07303666317171367,0.021645858958197487,0.004557183990381379,-0.06516003476058171,0.2143944089325326,0.06339190223180112,-0.20251425866576073,0.018645431476942764,-0.0661786464768388,0.0852433334796224,-0.07925207384327007,-0.011473644146689901,0.050498727898045714,0.08657551941701215,-0.12002964070557763,-0.03345012358409484,-0.04749453111609562,-0.0653329232573712,0.1765454240281097,0.040498171096095555,-0.12608839543350453,0.09178619470547761,0.21221561970126335,0.1032465260551147,-0.15193699659540136,-0.04842340728662514
Al,0.15043517082415528,0.0507057929290089,0.04490908800276987,0.09718949861800977,-0.0060372567821559975,-0.019078810724198227,0.1757047289789006,0.08632234272499537,-0.021635389128198908,0.12662128932818678,-0.01793660902481392,-0.09905575030252275,0.09232436979222601,-0.10929729629136542,-0.014888946525699026,-0.11240345458607717,-0.08913901137592864,-0.07268020189992197,-0.06314494973316065,-0.1686403850418678,0.24273716663340308,-0.06130837854958267,-0.0777063314295707,-0.16603800565647164,-0.15321266101337516,0.04864723169635212,-0.21835351005504633,0.038992680893725144,-0.16395445998469033,-0.04518426520615977,0.021998246567287008,0.20326021302268354,-0.04452440272204009,-0.10733126734254424,0.08315533481254124,-0.09845284770493196,-0.04745655866356578,-0.16633864869561102,-0.26803818646998184,-0.011808104031278167,0.04943296587696381,0.04880316942255898,-0.010433285604980597,-0.10038852225174322,-0.1971018553275935,-0.06205042036210052,-0.05001724418920657,0.07675601714010424,0.010320139481247173,-0.14149561567830893,0.006523768296018764,-0.04291279024308532,0.04080462937343127,-0.010016502960109364,0.010507815670862161,0.13230749515155021,-0.11785390538696902,-0.04683311397225247,-0.005931475766199318,0.08456450567386029,0.03200948182028808,0.021540525264524255,-0.06752232180625398,-0.19043201519769937,0.023694895411776343,-0.006329930117189075,-0.04767005321217109,0.14818844910848533,0.062010928292181966,-0.07558763860811862,0.03502454636493874,0.11935937951782664,0.006655340209094054,0.1947582795554314,-0.3427688497794981,0.09717263482938979,0.05532645037155049,-0.05065574949475522,0.04421110825957942,-0.05802416923646164,-0.02718432843309579,0.055376609651440825,0.11088655029108205,-0.04276446369726222,-0.05783577904020358,-0.04043358734494675,0.04055544578476458,0.04319319953224099,0.020133776559177967,0.07375853153706198,0.05780711438839609,0.08501390055265753,-0.03271029741654971,-0.018802822748950527,-0.08675635179757737,-0.13042544457326813,-0.019972805465557922,-0.005538486526250663,0.009977761028864796,-0.008596499668508489,-0.2009986974588979,0.010634756282607905,-0.005671137737653303,-0.1154641487027061,-0.09300781098905969,0.03315985672738228,0.16632140442799503,0.023114804135835037,0.007599206014498112,-0.10781743461386722,-0.21129446844496208,-0.017932343098337338,0.03770607223280558,0.21141422751797614,0.06469763719051606,-0.06542729329922661,0.06208719791960689,-0.12808375230585844,0.15726152506867985,0.07918337747161407,0.13608097150557816,-0.11030684370711445,0.08534840983471932,-0.06915989191567493,0.05301167708591997,0.23012348626220838,-0.03731603681082908,-0.10822753506499894
铝,-0.07591326615536981,0.015039378647620763,0.034175597577715947,0.18761708392158863,0.09504238381860503,-0.05769036556624031,-0.0898414671348358,0.04919191715065058,-0.1320233207020642,0.18314587658543538,0.1179440120721287,-0.04691756521047048,-0.17131345290908775,0.1353872374165413,-0.01145398452526179,0.12378163119734618,-0.15944276587943673,-0.05993750229537729,0.0005243699718183166,0.004698059376474206,-0.04500654714792437,0.062284993234749876,-0.10676204293825944,-0.01423794850212935,0.012029563171189887,0.051443883405874906,0.07116148780888898,-0.11246420918378693,-0.15341141707356223,0.1277676821898509,0.033231401197959164,-0.07484865365565536,0.1551151975522523,0.011567463429285867,0.11792971840638265,0.006751848141010895,0.2060747924881987,0.17553408424432046,-0.02489641484790735,0.09715709509543555,0.06453759495851476,0.13686315575323488,-0.09649234605801045,0.06860514599984394,0.10584244868495879,-0.17587394864231143,-0.11832585126657752,-0.20392321777601008,-0.026940683444455778,0.07175422557959624,0.15023570520960283,0.007409478041977519,0.1628615545571292,-0.13801014582148916,-0.17033824393551547,-0.005554769889661878,0.03840654489393073,-0.0032694748094093114,-0.20674421000398768,-0.00891200395127884,-0.13044695005048532,0.06696725488300385,0.03665982460968483,-0.09398797863273553,-0.05138669173366936,-0.10592135218889516,-0.006267909727317188,0.09551423205012383,-0.09857260463355438,0.050404651551784446,-0.053025761837244084,-0.07928728322623442,-0.010703035995455783,-0.10352423224193741,-0.05536493053471821,-0.11978778925888485,0.19647251329163895,0.0035263551971728615,-0.06997255079925856,0.021397991073422204,-0.011232804969082983,-0.0220969599533223,0.061416670004342526,0.07575077100473052,-0.05305011476105275,-0.057581824064468004,-0.027505169715164403,-0.2301921164735585,-0.15151910621985523,0.13668742674445247,0.16449677135012838,-0.024903603955637833,0.05765569630557665,0.031125015454353613,0.30788808084552377,0.11195749114345768,-0.012791759148076655,-0.09555404406004259,-0.16064463202575727,0.020346363586722312,-0.07563507452843034,-0.14222537095976742,-0.06465728842425265,-0.1081548003614395,0.1687141635072565,0.08816397569494505,-0.0007972641316617373,0.14799441388900259,0.00773683076476183,-0.08612842013282637,0.15231240772696575,0.05389100436846587,-0.10372461543264565,-0.01903386780836082,-0.08756182533847573,-0.1382799730964336,0.09261775475316414,0.19094166404701307,-0.13985675738191414,0.056296923669057086,-0.06506425691218269,-0.048712538376469605,-0.05923939242388692,-0.0863990769679816,0.004852162794482699,-0.08309501164110378,0.027045682577983884,-0.005023810944913696
V,0.07944596018308614,-0.043321167940263014,0.058160386027850654,0.15591693391001699,-0.09842643054468041,-0.0623555478359398,0.2254749261713961,0.12105303234453066,-0.05007941745985696,0.06641217728424112,-0.06105389456306911,0.02125619393437342,0.014178598266895217,-0.1797359198590374,-0.11519027604420004,-0.0950973271663926,-0.02334365280859768,-0.045098337227641457,-0.009320300996481165,-0.15986414933112789,0.13442993950089133,-0.11707813860780072,-0.015986915400092262,-0.1944651451726899,-0.0848205897211919,0.004226710681542629,-0.067209777018585,0.04794996940459849,-0.04468003632182481,-0.0839453444216058,-0.1042083657030762,0.2751640693684594,-0.03810977421195572,-0.022960680292725258,0.07010143126627559,-0.12196996818992703,0.07440461751197203,-0.13237239129104472,-0.13835923290379745,0.0002739709108354055,0.07105063557343039,0.03403470453060296,0.03300035610466372,-0.029898876609221303,-0.11690788413558506,0.009933565774076183,-0.026998396482739523,0.1212948654221305,-0.041583712297657255,-0.3078405223777266,0.05182718340098792,-0.04324943960567527,-0.09343133377633298,0.07334413909340402,0.10007976578974968,0.14951702444331477,-0.07961620890931496,-0.06826740183862984,0.08263465508832085,0.0866979589649258,-0.021590589600913642,-0.04243643297602173,-0.14312484167547465,-0.11541225089878228,0.08189401441660406,0.15961535462542395,-0.020633299823520513,0.008535300600682555,0.01452490832534398,-0.024821052103321646,0.021270756588686074,0.14148448652086953,0.0457362213843017,0.1208657042184545,-0.33911467132111944,0.07415869446124766,-0.015503990738619728,-0.07821305103424944,0.000407154858615694,-0.1741816090977501,-0.02243161686214198,0.051060310785486535,0.2384597893999228,-0.06897096490524295,-0.0669319285570853,-0.07563637248841039,0.049222225775858774,0.0036297282950799557,-0.0769139489527883,0.06930053318869189,0.12716154426984191,0.0610623272394969,-0.09103657466850837,-0.03592236531533924,-0.019420872877728413,-0.13317395421547262,0.09381681740386347,-0.09521407630877148,-0.11883514784553756,-0.048252621938022155,-0.086672064827856,-0.12034693385681573,-0.18465306863736483,-0.05166875661120146,-0.0039457099814651925,-0.014105334658517647,0.13934161008500653,-0.03102940469854983,0.03128180494597345,-0.03876035538576707,-0.16717392558112817,-0.14538272069014124,-0.036819572262287326,0.1900215132029761,-0.032053130396736865,0.0032523463088543203,0.036421012024263996,-0.20983464234495608,0.11655685526803966,0.10311012442926269,0.17193556653240244,-0.11502704403414765,0.1565023613112358,-0.23037824590734635,-0.06091210083562416,0.26128428137008286,-0.09933164719547237,0.00229586152964395
钒,-0.033578469929012825,0.1669021525289393,-0.02595913513636048,-0.15031429531181062,-0.024574306408594433,-0.02727235697476705,-0.26968866429415717,-0.005429486651781221,-0.023093453020867797,0.06962063648134184,0.18489560949453454,0.11265650295477575,-0.02688886905548306,-0.11065259087416704,0.25733598032498606,0.005921843401448826,0.0013929291912946203,-0.002412508711000328,0.019808476076785497,-0.014436041192394248,-0.05736620068802363,-0.054685894124039215,-0.003275327021599839,-0.0543424771133765,-0.07128457826771643,0.010643022769189684,-0.02549772174208553,0.15039929885826886,-0.2650969808393012,0.10915068519224619,0.1246085192497629,-0.20733902324081496,-0.03426875940803488,-0.03714408659957915,-0.14075116947178212,-0.07778166875908754,-0.11105758454658288,0.17522704434236228,0.09356783931474612,0.12715550949941587,0.07216720640432352,-0.11290517712172293,-0.05245202662797737,0.04893745612279181,-0.12221278088919454,0.07129984301723881,-0.024032539815813506,-0.037482080754959755,0.07109599682034916,0.044426331148603976,-0.03609661658190799,0.11593298033642481,-0.10810633275998974,0.061593560694426376,0.05931012579683838,-0.03095464393139903,0.0326133022242118,-0.1251113576385303,0.09240270192069011,-0.018490213644298904,-0.05227230205190395,0.10490092258368894,-0.07043436905427593,-0.14084612963635598,-0.15566291735239038,0.06060099513456396,-0.12804293524962831,0.1754794181984365,-0.20819294078837222,0.16964563682900383,0.02110174672026184,-0.00967131118703924,-0.05449190868089498,0.03991361143520709,-0.0037634702424848366,0.11033018820165215,0.011422764866203965,0.01503017614618776,-0.03636122122138559,-0.005694562372106746,0.03078017688920592,-0.17101683926566258,-0.1348185422105713,0.0743264094022715,0.017086543812794185,-0.018398333635267914,0.001843393306539316,0.03475817053616711,-0.053975968030936156,-0.07783047254023127,0.019584525509768157,-0.09783727776150321,0.04082527557144719,-0.17025836042378406,0.10291556373256437,0.0472597482413043,0.025602973431387566,0.09826909839455139,0.1665474444462577,0.10143700650181305,-0.18408742313316453,-0.12795769667357015,-0.06248185776956788,0.0026091050210833786,0.05176590204691231,-0.07257438131534656,0.018676676447707832,-0.07553829323533226,-0.061151780299194824,-0.14066610968482224,-0.09232332461109044,-0.13516846056163337,-0.09758732529773329,0.10536417966078396,-0.09493988888319431,0.2632382064837391,0.049331790088088925,0.018483612369487392,-0.08583577801812137,0.07003098794089914,-0.0575637826237774,0.012200981464536145,0.2560084538268795,-0.009605989972464988,0.11492733262856758,-0.07031764251258875,-0.00349884904969617,0.177080063563551
Mo,-0.01899872914736419,0.012168676859319163,0.1582097458372619,0.17328826605866585,-0.009586262192781157,-0.022985891653700564,0.07937720869444354,0.1445221197008083,-0.0774903205837485,0.07948016717774732,-0.12449348460980891,-0.10554595858241471,0.09595059711771518,-0.20869313891367194,-0.09982800944917607,-0.060140285877023164,-0.19337800068133526,0.07602811324611342,-0.1202970234399015,-0.10629592945767698,0.1478254202691595,-0.09973354144579709,0.014967558737320839,-0.03266366151370571,-0.029788949526795307,0.008216371320713452,-0.0613321876443854,0.04810322509472274,-0.04958715747874078,-0.08375063358728281,-0.04847825993345978,0.23699998927174104,-0.04315283007879463,-0.03454630183324266,0.07766919000306262,-0.16647284057402928,0.07076796334648777,-0.21030672417489102,-0.09484286051553767,0.005098191973985493,0.07085535082304587,0.04181483833571163,0.0029800246406762425,-0.1298869585815158,-0.20391438604146234,-0.025513921599930087,-0.05267070654105612,0.07952565748332048,-0.033566871806027576,-0.2302908316000658,-0.06868153505861788,-0.0435722639767083,-0.09761407905964822,0.012838234334821029,0.09969378099119745,0.11132654345425677,0.02073814428823338,-0.10651540856328214,0.09109539530538249,0.1462095907629895,-0.08687206075336402,-0.00840409993708016,-0.13351515986748358,-0.11033623338713014,0.15670913290964733,0.16590431448864795,0.018229406503638718,0.07883782379147031,-0.03803923074145335,-0.07493538598753283,0.09646996829403715,0.07744526381711454,-0.05633707231982991,0.16277775239310405,-0.3112072496513376,0.042564078081761755,-0.012475222262591732,-0.09818160525609422,-0.039530014657268187,-0.16358549562072386,-0.08733567789529939,-0.04418234957356724,0.1162881554974569,-0.015229246701872451,-0.09069545068916325,-0.07340475826423458,0.09375815164598778,-0.05441026067701416,-0.02824073768795226,0.07049849488151783,-0.010757668769982024,0.14716072464310975,-0.12658011433538718,0.02362923500290163,-0.03148613203345321,-0.16317912430712053,0.02861834593804203,0.02074228892744185,0.061525490485131944,-0.07729266971106537,-0.17966303616237136,0.009750612327088085,-0.06404819841186991,-0.035201073055582316,0.06884322798383458,0.02031533433437216,0.2226867064498183,-0.040226832783809036,0.0634917039756669,0.0025266077227216344,-0.1682252074218934,-0.034929991146691444,-0.07703114978425599,0.27148681448600387,-0.12240625410208499,0.014287209621234507,0.043587916350474154,-0.10727291696830141,0.2116994136909927,0.12644876089776608,0.04640827528802587,-0.08957307648690196,0.13791089596638814,-0.21929394444653444,0.011665763555809366,0.19100751723200485,-0.20086465765586567,-0.05425509954769504
钼,-0.016711808031685437,0.014671368643332284,0.12065089665083568,-0.08169356709872361,0.03686733088729012,-0.03933388123273607,0.0028744822934817487,0.12784518626072988,0.019109906801990335,0.004643654815614881,-0.13598561409799192,0.07462535660272207,0.06454841811410754,0.21632547233054603,-0.030777823495300085,0.021915032766393897,0.024938368371075527,0.15774532797634744,-0.00952955323869521,0.027902152577033924,0.060789650971653925,0.01866091231563581,-0.04464336145505283,0.01940899928983076,0.10736317498597721,-0.10265152994110603,0.0132969674146876,-0.07001208149391733,0.11950466289248425,-0.15231869047837748,-0.05589218472715884,0.03772118750645209,0.15655240292343406,-0.00657502610729878,-0.05551995266931984,0.18811570694405902,-0.1448013900416244,-0.2198805956620082,0.04400144500533324,-0.05020542243526112,-0.10212328171307133,0.07083564472993534,0.024380071377119884,-0.05640786307367284,-0.12803043986708945,0.08724573282801447,0.0650201177958661,-0.00991758637793829,0.18466369960476658,-0.10700847663261526,-0.1525525170924739,-0.06919080698812445,-0.004558601635549781,0.024333944932269185,-0.02412360578563299,0.03520553965142968,-0.1251539424190444,0.14437646040732596,-0.00821511783925688,0.11172958315881276,0.03427253463777041,0.045675321915378396,0.056976728023220395,0.0447708560017315,0.06427227598675439,0.13291525301324314,0.019652116970147016,0.07090037575885123,-0.008973569428722673,0.1440117215449473,-0.06763923020592698,0.18009404329108158,-0.0040157950644343415,-0.14307751021180481,0.012810441491078928,-0.06810516574748808,0.08406435489887241,-0.0652623979302391,-0.044618343321477974,-0.18895407309455312,-0.04523063192490767,-0.24238793266289568,-0.15839028234857233,0.07604146561442975,0.07858001586508323,0.04254575617849648,-0.0966976143129213,-0.004771135614197986,-0.0003602539090568405,-0.11583646891925428,0.15033983017671507,0.08773622905756714,-0.022096417382966395,0.002688583899453078,0.02083828079475525,-0.20417348684242909,-0.024717738252059696,-0.06819842479977986,-0.10016200098949156,-0.02811002928859549,0.17976865268495226,0.06408428612670099,-0.05711789897827968,0.05725827813561586,0.13993554365860023,0.09246336829127688,0.005963036992017413,-0.06469367777055739,0.069822331361359,0.03934853854217496,0.08951932200277324,0.06351718016819695,0.10495527153193351,-0.0535235211560568,0.13173940656343258,0.019759960469239966,0.20752608726252655,-0.06891878180895679,0.17359638031652494,0.01979107834626478,-0.06514180036144483,-0.04838858340543216,-0.03203473081943202,0.042416594640191645,0.05228354880354996,-0.0573700003938579,-0.0024354592260982843,0.21422703586118638
Nb,0.03721782306847123,-0.09747112518269718,0.08497949707393586,0.18809662287535053,-0.012063613529089152,-0.039617104455366564,0.18749338913833188,0.11075449093912543,-0.03157726010751079,0.01302539183685842,-0.03251173100568719,0.013201057184248258,-0.0056352257739831005,-0.08643105750915822,-0.1987733299505725,-0.05460840225709046,-0.1349073918337592,0.042588275055540435,-0.17791349218388486,-0.16853246007436523,0.09195881687472705,-0.015810712654039022,0.05647518924423776,-0.11017450926561809,-0.17302124049546289,0.11319574161738062,-0.10033536071118687,-0.0012551551900828184,-0.05220747304233346,-0.02035988385419306,-0.09351309707051789,0.19512365181799757,-0.031723336854808756,-0.1259891925300912,0.04794053442256469,-0.1937179294840849,0.028178183011244737,-0.16670204056216065,-0.10707442508602445,0.06068238621867407,0.09006366850028445,-0.009499446791848127,0.030418364982735386,-0.09798624655102564,-0.19288576816236674,-0.1201944244106331,0.00793892586098676,0.15285164832889536,0.05872709080909588,-0.12270752227568353,-0.011555742181119905,-0.021078472048582635,-0.0739509214497541,0.10351173407833249,0.09733874062198522,0.0738808674911158,-0.05687632639421436,0.012887220774440187,-0.0002909166019836873,0.09450072914461712,-0.10083945546661163,-0.1434689485410287,-0.10061051582991637,-0.08917539459533548,0.09435592269375609,0.038145916969363924,-0.024743483661857114,-0.01056409821335165,0.10464865788747266,-0.11881470456641674,0.0989097410238362,0.2010971388308042,-0.04861212153779824,0.09982511801801339,-0.24445599958965755,0.03997404857836883,0.0138289389317275,-0.054042114586932664,-0.07988184306973144,-0.3102802924163123,-0.010632976359021336,0.007633369834643376,0.120134913628445,-0.017033829872675474,-0.02217724645769653,-0.06380294042654412,0.07451027642471435,0.05788226262166264,-0.12082279886168265,0.06248439604872046,0.037302053525911746,0.13087600947417038,-0.1670429445128585,-0.07083397815022385,-0.08312397795438911,-0.1413571470927512,0.0536492566948568,0.100941047590288,-0.024236928354157566,-0.048337338252975384,-0.08405347326110409,-0.027235685350020654,0.029111123906721742,-0.06579132677167009,-0.07398440210226445,-0.02625133205743649,0.11104297766810657,0.05056037302110755,0.08518488022662685,0.08502351549270233,-0.14972185491374215,0.055490541331827604,-0.022977795638581593,0.18850342041133578,0.023267870142765414,0.05103877184533129,0.0019010417465202961,-0.09749922973030373,0.13044155557441234,0.13938414626135548,0.1438524739451525,-0.06372772786245653,0.18256957472175633,-0.1144819786579893,0.03562722277829609,0.25687379632665486,-0.16877838595603192,-0.0039351953454830335
铌,-0.06389617476895022,-0.13230897934074984,0.16420151601363692,0.10098170893426342,-0.06881503451777238,0.2252435805344309,0.09817654869915943,-0.032483138350862244,-0.24994057148735732,0.22909425725907417,-0.1389572466763596,-0.1645398746956892,0.10225704320096403,0.24397524063392728,0.13842728185105183,0.056390912005235966,0.0594754341665286,0.08534155587803077,0.07589285897867652,0.02811914239693758,0.010420110395187608,-0.006259312789952242,-0.07539645888666763,-0.028067507686677408,-0.16929568141953855,-0.00983396267947499,-0.09885911071509175,-0.1103589317215771,0.017989415115347848,0.13920022863445994,0.0918316606002313,-0.15705006036231772,-0.09896281365703376,0.0940771187988216,-0.09824873935383097,-0.02246331499970246,0.05500520990245519,-0.09683444548636354,0.010537550614595992,-0.13340254949182045,-0.06013676439512137,0.031978193414253696,-0.15929937335316693,0.044047473796039904,-0.001963779892668122,0.05524899544171478,0.022391413406466144,0.13641404299738444,0.012522450264790728,-0.0429405541125253,0.012229750303228377,0.05432980290363879,0.004886007032570434,0.004059169120388238,-0.07019916878067554,-0.06629009175509482,-0.14026052717996937,0.17495767431869394,-0.12438632353912851,-0.06929051977959073,-0.07184072655691974,0.08949243769444414,-0.02949496782920278,0.12477420726737339,-0.06734906242438686,0.027899416222380197,-0.08353470532597573,0.21451491277733883,-0.11875984190295129,0.030982071022702753,0.06337768809320986,0.04137990974514982,-0.018528765887770828,-0.012982069973342617,0.0043811471979109595,-0.014700200162848863,0.09638791167949097,0.22105230015913513,-0.05574917850078336,-0.13698029795790778,-0.008828204835125482,0.25797093376543184,-0.08036745679697309,0.16391168054440675,0.16777008140764407,-0.05535882417079946,0.05689830791852754,0.16283966231285382,-0.037912774098748714,-0.02035803601023618,-0.058168091394864375,-0.10147567306928669,-0.06492775450660071,-0.12239402667622566,0.0034083468259226072,-0.07699732310586418,0.023378591179074773,-0.15558956462036275,0.03308802322144571,0.08335289616089248,-0.19937356425714556,0.037405656984757216,0.12276689924732923,-0.12096410186912054,0.16725723868377035,0.04190190093660452,-0.07050118557584088,-0.005576907765770601,0.055832691252172245,0.007600539141241151,0.05387559924463692,-0.09206735930793664,0.0169360824036078,-0.14137144969049803,-0.011122606134870032,-0.09039076414647898,-0.07355299425897666,0.12360931752104375,0.10913101205942691,0.0609138120907177,-0.1092312764672579,-0.03164084496948019,0.12130976999791834,0.014171691363990475,0.23193295399816943,0.03933178393943719,0.019204911649003162,-0.03091164642025014
Zr,-0.010054731687178485,0.0004637342226181812,0.0225111558887613,0.1799724347945239,-0.02511159876872904,-0.10315149360308468,0.1789562631016631,0.04784743407365535,-0.002890102552826755,0.05432228879531683,-0.026570720011844316,-0.09445142310778629,-0.005270384414764684,-0.21425995627083402,-0.12965665923917552,0.0276401014661772,-0.14154169962058621,0.08526714049241141,-0.1992862784384062,-0.20093984018814362,0.09862595408281667,-0.09020306452068969,-0.07242659902058662,-0.1218248730144558,-0.06514165733891134,0.030062528851242096,-0.08057572343615463,0.05085065149319387,-0.027175710184361816,-0.03264598929144115,-0.11952033063822692,0.2381185274919336,-0.03080532911284974,-0.15255090783371134,0.07335859742009901,-0.16772491096192788,1.4840401003930054e-05,-0.17876431630980424,-0.11540151792753672,-0.02520537973436912,0.04946138935210381,0.07085347835750924,0.013255177647873002,0.0736428824084982,-0.08884579034966636,-0.014769767411473907,-0.11545730461876885,0.1439052402035627,0.03170648887200061,-0.20385310571318588,0.04080916396610593,0.008752348688942528,-0.0426506204803853,0.017243938816983786,0.14022289792922613,0.06124863480782166,-0.07308759637404955,-0.04608874095897817,0.02218303055357511,0.1358666614642614,-0.0999271097753239,0.07869385604746494,-0.20168780086532764,-0.14950404657080993,0.09976317673650686,0.16483971117884777,-0.012224798186618643,0.0974837546391253,0.056691106771144244,-0.07606544933339646,0.1057986234475867,0.19577111235817704,0.04005861363928658,0.10815652941287979,-0.2659439316292596,0.0671669530014872,-0.041575361960656164,-0.0118925258492984,-0.017706210235440598,-0.16598669996757742,-0.07547676692846778,0.12166328779326571,0.10297277154454854,-0.04086190496734293,-0.04125639476991539,-0.0787077258684593,0.13416364394185495,-0.02858406892405236,0.01962986458242414,0.05203420655962353,-0.02011281546363994,0.0819054104319172,-0.02975934591809927,-0.06198897925229874,-0.07667869978435465,-0.15742832469239876,-0.029236077932040798,0.11713272261507972,-0.027808383896490076,0.018122125971505487,-0.13106357002265281,-0.09129123480063431,-0.034569187113313415,-0.0410275879566245,-0.025541637920916245,0.10006073297400525,0.23969435976014622,0.06340352401610036,0.0027722004586265905,-0.06143671396569107,-0.22255650179804387,0.0071606594884143365,0.033312356670720425,0.13774564101050624,-0.019641756558699767,0.03805919549952047,-0.01734838978630191,-0.052304111811159265,0.13537128516404562,0.1407028986727223,0.0683051686867931,-0.04406487085412764,0.2220327508199859,-0.07460043381559503,0.004078629708590374,0.20636175870387882,-0.11631186778555866,-0.03216704620646081
锆,-0.03226798388421358,-0.025083301645504735,0.1328194141849058,0.055623000940065996,0.04558877720816076,0.2165002344901084,-0.0643518230380143,0.09278401280812372,0.005701312489708451,0.026859227886325693,0.15284684264125317,0.05078357562896238,0.0538296079049633,0.10725073373098022,-0.03649527295428853,-0.08392096673390065,-0.10448091940210336,-0.19663565893760018,0.20562071299403223,-0.11032083657216832,-0.022125362358577202,-0.02768132998889207,0.030740669780910074,0.08157372125392968,0.08604734883597454,-0.05830774385689385,-0.01671217137864115,0.028257995048829965,-0.02486911261835471,0.16073455760199928,0.04909749516382514,0.07348777860498175,0.06628812686674128,0.1173473857485325,0.018102155870370697,-0.12968319479558466,0.039968795175264166,-0.0651356893791829,-0.05286166817497569,0.05863640187550933,0.12382830714336357,0.002127157673606165,0.03088330125989638,0.1702214944635238,0.02407531794885683,0.2601683114180395,0.05655096456315442,-0.17607627591558178,0.07533416211045325,0.03811583848827778,0.12897527540827455,0.06731813512699585,-0.013845598398377382,-0.12242982362893658,-0.02090232572860253,-0.08505204542093002,-0.05805234498047227,0.058857840442060966,0.16699045043514063,0.03946715298229811,-0.11958830620351844,0.04446026682201407,0.11966314866456512,-0.060978290431938226,-0.01340171666729177,0.0014688194729197094,-0.07848983130822401,0.0648280433843859,-0.012094814860778158,0.041953244390702776,-0.08874921778021001,-0.043745830032341046,0.07223813578277714,-0.0372833152091767,0.1726963851233405,-0.03996361856146024,0.022468472575188594,0.093259083187309,-0.14183657329330318,-0.1760808811980776,-0.1525656314570095,0.1262584103427182,-0.05518581458924468,0.2558199285668252,-0.05642475986573886,0.018455130319703698,0.15421099525678758,0.2006092888159123,0.2061503576636398,0.12083662305931425,0.10240625258114625,0.05925269492011831,0.07783610761666378,-0.055118571632853344,-0.08181988834223072,-0.0003374457410952052,-0.017018462252492844,-0.04532280493272752,0.06963874474567154,0.09553052085705108,0.008840688629184737,0.1477530081055262,-0.1141689114133505,-0.019365945927971813,-0.0716822320602805,-0.18665366170730602,-0.008268068584269926,-0.012174750838328354,0.15134497432421312,0.06308116845547776,-0.1024186824329205,0.18540925663341884,0.1221033695525353,0.05820977034686158,-0.022648409884983192,-0.09594392367234798,-0.037220677607105304,0.10887486197041861,0.1884586305934609,0.1543243528272189,-0.04888494217862741,-0.11196174332890113,0.014088624691120395,-0.17684393655628516,0.03231677141847815,-0.014760258629866869,-0.046603650186824226,-0.15947030672667956
Sn,0.08398909305184993,-0.055771063818405284,0.06816077950591613,0.05130661903299573,0.048681912817760895,-0.04903240772875274,0.160714478542964,0.06126098721588782,0.010353940157175542,-0.08761931771127247,-0.047172286397541674,-0.051863913231910586,0.0015144077770192707,-0.10501669718399816,-0.21685825619409185,-0.017638944062314206,-0.0834704725981382,0.0945006958863032,-0.12416186179099636,-0.1778788150897171,0.20136837226602533,-0.0013115646321480469,-0.07049404686504555,-0.1694400693445092,-0.035119139760115214,0.05298047004831607,-0.14906089040187803,-0.10814299765627985,-0.033902709705028844,-0.09018540947652648,-0.16103760112906026,0.04361152220168674,0.03934932053609367,-0.09934022037534172,0.07097167217470633,-0.052633146848964155,0.052752593651629175,-0.11515201025188174,-0.2024553784981929,0.017958592389214177,-0.006989010747859681,0.00566771152622369,-0.023995620927157922,0.0012203123042246605,-0.14557400497964781,-0.04081406392547508,-0.010891870439034043,0.21345865649104867,0.018596996192539923,-0.22335515056959235,0.04471257770529994,-0.07862222939860883,0.00640583839123092,0.047006726936825165,0.07482113385589559,0.06956222585406396,-0.048000881148681805,-0.038808586746695725,0.0010430021338372758,0.18082210859341247,-0.0907259158176165,-0.016787593964732034,-0.0780181898200913,-0.20118741792892075,0.10526560730971606,0.08286861908305981,0.03393812688366674,0.05222073919325361,0.07080205409720644,-0.009220322145776796,0.07921138683248163,0.16636948905850205,-0.015147651057480126,0.12764338676465845,-0.18842277586811926,0.04721548942914022,-0.04314859685468268,0.003367711705054753,-0.03063076250577454,-0.24626006633339564,-0.09414740189223944,0.011565765178148758,0.14365365327932697,-0.0396724354443298,-0.0332840480743446,-0.023830808175163972,0.08199660079254843,0.022965327146982455,-0.02746814693094471,0.11495525145776408,0.016023464908964048,0.07340795634276848,-0.11984860944201252,-0.1050264778803881,-0.005897331711039608,-0.117452568631234,0.05848020396179068,0.019672554900386142,0.07085808295883363,-0.04766463806675558,-0.09377361234468116,-0.044001677026013056,-0.06468898988664383,-0.05060121155627383,0.00435323476759877,0.05825372364480015,0.19268251122386296,0.01556312719734235,0.14517363871579836,0.05176824068319193,-0.15573577678062855,0.0029385703652477255,0.056380881023936104,0.27222395006810124,-0.017925858839410468,0.014976517970065497,-0.007517043853658742,-0.27538909055585603,0.12481232341638415,0.050769499263159434,0.15873669461844891,-0.08997154193888618,0.08083126011686184,-0.142679113985634,0.00637965512690182,0.24271593336662117,-0.08450626429609456,-0.00873779140486381
锡,0.12969945465611094,-0.0022868062298882124,-0.09993022322949108,-0.050477492122821745,0.08406200265045531,0.054673356820137936,-0.023893209916969433,-0.03668244118146876,-0.03917581490438219,-0.09224101844985026,0.16153756894694418,-0.03223204692113399,0.12171585208254965,0.15213160519224514,0.09983108981479605,-0.043162031271804846,0.04037300903366095,-0.0024195606390916167,-0.09037018607301282,0.0324359281721603,-0.11790397911598026,0.11876793884615638,-0.04646172972983931,0.02011596558728393,0.02832878715461422,-0.025890497370407734,0.058669380147527476,-0.04749036566225245,0.08712972974572442,-0.13459796802467486,0.012637957954641184,0.19389289990582848,-0.10003313246055748,-0.06777449705248516,0.0513907849658915,0.017958178193959794,0.03506300992735592,0.04891871301476636,0.063472146856177,0.11096998419562232,0.040981865692851255,-0.024125765461854246,0.06725737012027314,0.18998819348952156,-0.013263374638257356,-0.09745293046706416,0.11070806692869728,-0.012038116395359824,-0.21726695460140363,0.08474216771504217,-0.05353281859539227,-0.009053328230416078,0.03319803305690146,0.019049967977906642,0.07094518171390395,-0.043548637056984335,0.051310579817608275,-0.02595466775839172,0.0738810480887503,0.061536748401305345,-0.09354387020445953,0.10859821161750323,-0.053596344511404805,0.08080577982811452,0.03672873134013407,0.18381836767951226,-0.022346598237185215,-0.03493167961181975,-0.001941960588773261,-0.030317978283427544,0.079994190194205,-0.1616310608436588,-0.10536824191463541,-0.10678029215791932,0.09503075919735758,0.17106133725819253,-0.01044492185374715,-0.016882172319001063,0.007005216311318139,0.11618783026081905,-0.09273531341905741,0.023836898273478513,0.09751976297824298,0.050109416993984524,0.01895816165987434,0.10010460925671412,-0.27032322929992375,0.06778753195309077,-0.06540756831274239,-0.1830632896856457,0.051120259952498075,0.13736585451629577,-0.013744851462769186,0.09528745472029389,0.16122782579886455,0.13149144535840473,0.1639964529371393,0.07421274910718922,0.0075433638901592805,-0.16019658118971686,-0.02460624881299486,-0.08432465953161918,0.21709427174978138,-0.01758858124323366,0.012320480678448568,0.055148537604046755,0.004360244637245373,0.1695051040430753,-0.062264936173445196,0.019460745523724274,-0.07424705856980483,-0.1320022511220706,-0.061176909090528545,-0.0037036797048412024,-0.042930222451726,-0.0692420979873856,-0.1406317463671834,-0.008310557262869478,-0.15047203740310022,0.07600559636896026,0.008243975293450329,-0.14575514994649305,-0.030920907704986345,-0.07521564055905833,0.031917451041918045,0.13404504460231445,-0.18751724696457447,0.011502607914741718
Fe,0.010127325716394998,-0.012126025305711127,-0.0034822359612625142,0.1873777247370383,0.002528221549672506,0.0013765553564604877,0.1580022331185862,0.09748211745473043,0.03326951682193461,0.04000129150649577,-0.039409510095742,-0.10087929031609619,-0.019216820923313206,-0.18643735981111442,-0.11729510591620793,-0.0690427941366759,-0.11307893849904858,0.011080471034308655,-0.11754024109433725,-0.12648179734808807,0.07170199463322319,0.04146934878468281,-0.026518294437680643,-0.1063796443494386,-0.11793820232221207,0.04453426549829752,-0.08150212735150542,0.05677990543486203,-0.10978529508187011,-0.016691965499423828,-0.11932347045965915,0.1725896556960845,0.05012093257397291,-0.06593599654205294,0.08301363833734057,-0.17082469379324433,0.05316574510918522,-0.1949979505030763,-0.24883438480136424,0.05881761490273826,0.07263501630605644,0.07725939051815067,-0.06632835418096429,-0.1889455602187289,-0.1338980061194835,-0.05740623700537222,-0.13059745847630136,0.056787245328561255,0.17212271614284122,-0.19158454624396357,0.06895634575829031,-0.07104121941005084,-0.17220734497325374,0.05265471654429152,0.08981972423528985,0.07313409997820128,-0.08965379409758348,-0.017707824002839632,0.025620495577666068,0.03435420431486773,-0.023608184206432053,-0.11603448543250287,-0.21315137026481284,-0.08266163767298869,0.10660359584618764,0.13275423460338048,-0.07697343739578699,0.06495774275549865,0.023026265120438212,-0.1443066738892181,-0.0008118723503202502,0.18642017355543092,0.06778266430346566,0.1354926279484731,-0.22415009269316954,-0.013512753091850987,0.0416772688794977,-0.0700981557829608,0.024543358488948737,-0.21114451237207477,0.04405351170544052,-0.008010525265821265,0.17916971935224318,-0.06580239499219141,-0.08876463418980196,-0.05936839901641414,0.049256556545501776,0.03217016267063487,-0.05610843148279496,0.06338875573167208,0.013933012219447167,0.13676422653390075,-0.0240298785853668,-0.08529738075116688,0.004227809716322785,-0.20566831616870457,0.05900482211334436,0.05709246645313237,-0.09505449891887913,-0.01880975101104421,-0.16496187987305722,-0.08000279517330466,0.03327116488227333,-0.11291168395403285,-0.05644741762250341,0.044189832681708514,0.22289807743597384,0.01037535198267755,0.08407356635573905,0.019104191521587807,-0.30078768751647567,-0.029124735720272105,-0.02206908397348231,0.27029225891999975,-0.15047694929681785,0.15760521966924734,0.023080127774186172,-0.10942396356606866,0.17336066727245936,0.19237600590930864,0.12264052693372486,-0.043498090655892885,0.14681393231682904,-0.1472613939475755,0.034895937179781976,0.17773996299527076,-0.1334043374980437,-0.12415757117742635
铁,-0.19792998103757878,0.07479102561175338,-0.10727430257398066,0.023924686411114955,0.20740826697499737,-0.09193845915864235,-0.253028752274633,-0.028600422188011083,0.11009596349985712,0.1958347454220594,-0.1229549594452417,0.04966992232365217,-0.04653104567800534,-0.010594835430413566,0.26443433470170347,-0.15029703283951534,0.025373966149457347,0.04676931717654332,0.10857863249393472,0.009798315347089545,0.030805053950410236,-0.039164856742179115,0.026912694124510736,-0.03431922754974105,0.062157188985605086,-0.0369610336043634,0.03771003939021865,-0.0029262813684978357,0.11260502507721681,-0.005139372358848624,-0.17730324682068815,0.12619215007139917,-0.09057323008626189,-0.06537663386488199,-0.059566129404349216,0.13744380931708175,-0.21356742139786955,0.3137748533659994,0.10560568090660519,0.022323891412915967,-0.005489400061628639,0.028555407485765696,0.052112242837933836,0.0645215585950057,0.05556044660034485,0.008958068125524882,-0.019733842030732612,-0.01512732836535117,-0.019490828035268103,0.11337700968670646,0.05935567222808619,-0.29403886346642805,0.0655900776529761,0.019473619471877486,-0.0018708756445897418,-0.038851845308888584,0.11241127199860135,0.0947526462122858,-0.07728776678236092,0.040705228712453516,-0.0971656734541286,-0.13796181647889305,-0.06267172245899652,0.08623934723827588,0.09531250453760867,0.0513085420097293,0.07250957868479972,0.05161782871149584,-0.06414815952229523,0.04319225446739407,0.08004095252276823,0.07542913298135744,0.1188913371474643,0.07083038472010637,0.03514482075415829,0.10701502383164274,-0.0026521259249060064,-0.08818746512277179,-0.016306696394376388,-0.07449026448064491,-0.06751782749743816,-0.014451867071551784,-0.07924199209999613,-0.03079615296390403,-0.18936146669537857,0.021329370737293858,0.00012054753622242369,-0.08170886310681907,0.06592456684324051,0.09375701376265584,-0.16075598643689742,-0.07627247785662143,-0.07691423497872983,-0.09399031011088647,0.08294748419317485,-0.019382613877280352,-0.026451484131061076,-0.20038623644067535,0.06354180302092265,-0.12392583948534726,0.005993263026632826,0.02773769379581917,0.1360658595838651,-0.13088203991191122,-0.30195121558208254,0.018384954475369485,0.18005111815108538,0.12389463529394373,0.02096594152746258,-0.04916361856320474,0.08071225966373104,-0.09735461997044687,0.04763577693562193,0.05054701591666269,0.10602099074988798,0.27596600389110776,0.039241596717876706,-0.05089636257074988,-0.002557431219199444,-0.17690759048891183,-0.06947131310890582,-0.040928243811310404,-0.052408839793459255,0.0152354872033722,-0.08224199323822007,0.11210306673244715,2.0706491819709387e-05,-0.0009300321138614418
Cr,0.0458778427668721,-0.09805980897843782,0.07431468001725479,0.15048645523868545,-0.01606857255299921,-0.049520274195917674,0.3117643000597643,0.14474926792430653,-0.10917456359773135,0.06589940872994138,-0.0767420764281124,-0.09729696169239639,-0.04280737639959334,-0.1697171899278171,-0.206560795004782,-0.007837451722837063,-0.05159400130692043,0.10012045252009988,-0.13342174585582628,-0.11746208959892865,0.17818758772427046,-0.046286538803851814,-0.03183577740085137,-0.06199878533254702,-0.04306347866591558,0.04289064650657351,-0.15620315833362666,-0.023394421491542493,-0.08853635771648602,-0.03537044434882753,-0.11338166156380713,0.18473557801837465,-0.0857749818772184,-0.16177346401908366,0.11580005362416268,-0.09189483898320752,0.0012925212311322223,-0.24685522784182523,-0.18418878246614362,0.0010227112898466457,0.10607258258180562,0.06354911268621329,-0.03639141501292251,-0.08778499085816807,-0.13446001714342606,-0.11316116937076334,-0.07197650903903888,0.17197602714374344,0.07571760038513455,-0.16840529992370082,-0.031187553116156647,-0.02793839966809871,-0.014559335491219558,0.04238594559581001,0.17065565674893085,0.1577652763875302,-0.0007351107150901787,-0.015659081258553812,0.062495928130657005,0.16826387712879043,-0.025547726931080216,-0.04362760305589235,-0.1330606392269959,-0.10769291471938013,0.016724511142108864,0.12846105708887265,0.04762634375347931,-0.00920940276906164,0.11288770759448917,-0.008393264525354452,0.013151329759317577,0.1809731980401874,-0.0034252175656788223,0.2179638840033348,-0.2128403532704774,0.012186714278371924,0.03806782749702596,-0.04018212772874913,0.013317706179455227,-0.23516548650858007,0.06543966467229057,0.08771434814630344,0.11080084627550325,-0.11855755217287636,-0.10013299183821119,-0.02845057205388837,0.10355050396751857,0.09553175220438062,-0.013480034267661263,0.09980519459898096,0.026050524965325905,0.02739956254273941,-0.07999023594508031,0.020238272335656456,-0.04178696173944807,-0.12119697638202452,0.013674611944150952,-0.025385065209103316,-0.005655857538059434,-0.008006341185881996,-0.17432146017811362,-0.05385009451936933,-0.08124461375197609,-0.0242654810439571,-0.030851359046002613,0.113042862937763,0.2650559826480985,0.013405483047096708,-0.024667397555091047,-0.11173948546328359,-0.26547897518124375,-0.07134312878985469,0.07494650236717787,0.25211544060987595,0.00024412972648714046,-0.08086631621339506,-0.06336949843138741,-0.07251381493963886,0.12862098707063135,0.06783303933439755,0.10734531263431082,-0.009148855172683143,0.1292273079167574,-0.1367166161463246,0.0683155553165923,0.3386510443446975,-0.20402144573402012,-0.022468622220836794
铬,-0.16076610271180589,0.018474057889572446,0.20236062192296395,0.0006799844559997769,-0.01900390350014945,-0.03574454228104272,-0.018039168176240784,0.13728484746765302,-0.22118619113295068,0.15334337012963256,-0.14239571524501451,-0.02666523292344148,-0.042924442029866186,0.05885532697707198,-0.15981243518837476,0.046217266608194287,0.20243096232868527,-0.13631740045928106,0.018970616761039567,-0.06619821777966091,0.04258872061930358,0.001914777741575206,-0.06414869090443097,0.0487872284871074,0.1804348109786743,-0.01909037917272987,0.07197579421481819,-0.12932729578711638,-0.09564363768180088,0.04724062778803774,0.1484116028535965,0.035561334878566,-0.03130580305231544,-7.085945766459172e-05,-0.12504077339697175,0.06045153263553668,0.08823330623234092,-0.04520903328330804,-0.047004214775950154,0.02658782296520485,-0.043671973604059555,-0.0066132614625822456,0.20997217891665154,-0.024702570074599667,-0.035834015202122226,-0.06475418056351592,0.07441919714999368,-0.0181224173218103,-0.0649373038321426,0.1321304032273012,0.14196030045136374,-0.06004235657387052,-0.18665399513606162,0.10075136898369222,-0.0684629825760004,0.07906255991627686,-0.19701038177118357,0.08925973382993092,-0.12111719292807813,0.07307641190665246,0.0014273067836434107,-0.0953939419396645,-0.04070363129267805,0.06863184569567009,0.010589445311523425,0.05844129804724843,0.19764405845154856,-0.15642416117110514,0.1617212574968624,0.010435593752321294,-0.08987840483231282,-0.133031362573899,-0.01891203907770335,0.09216501119244594,-0.012754912037753422,0.15111549302473476,-0.1451175690051559,-0.0012088947846054562,-0.1252393444413119,0.036363188262496786,0.08868873900973004,-0.04207617936810533,-0.26042138566271344,0.019894814679649455,0.043673855173350956,0.040429475496169764,0.12357821918221541,-0.10710536796490489,0.06802161054504495,0.11925075124779749,-0.17785875840065168,0.03196518259189773,-0.05041798310076715,-0.00815226731016459,0.034767648353833634,-0.048722856411355236,-0.06757080791616119,0.00341524174880246,-0.10872459388628027,-0.10858251288851856,0.06793732829565034,-0.11487940351586562,0.06663125009092119,0.04625912928539512,-0.17258067287905968,-0.06775646523356552,0.11941094030473726,-0.09811655311396816,-0.04644042623093877,0.04620608932518965,0.07833905092825955,-0.025153888604449573,-0.05975101946916416,0.14223698616985078,0.1738899663797579,0.09788580507817955,0.008531814256502407,-0.08082657216409264,-0.08304444065565653,0.05225141052657575,0.04183982208886838,0.14015985929464295,0.06504500925361392,-0.15030803017598182,0.10519476177229187,-0.0998060627314413,-0.038397127195235164,0.025020020625169448
Ni,0.04393130286317008,0.014512156192090514,0.03190022611033303,0.14985473409788003,0.01215519150094116,0.13223181435727402,0.19832309102084272,0.034340193013765445,-0.06813542269463038,0.03158529893940376,-0.13612392791274697,-0.06307748494209756,0.060837681247690664,-0.2550396304196195,-0.12006765069877368,-0.031840011869880364,-0.1379947781319943,0.024348251392635016,-0.010886317170069437,-0.10455297945823586,0.1470040596370628,-0.034461795896702785,0.010583273991375364,-0.16806299651846085,-0.159675747738469,0.11320115449772315,-0.10733310778226021,0.05747716509069406,-0.06295925648572594,-0.06592521501555708,-0.06946688527037823,0.10525808034117821,0.11250460242887184,-0.16749669281670984,0.03065617701795994,-0.14409732521642227,0.08529014574309442,-0.19524156242484486,-0.1946253946913662,0.08240304162477934,0.11039668933881511,0.04405857597981967,0.02422188381971797,0.08960772547019366,-0.03859745428493712,-0.10632018798963563,0.03513037254457886,0.1248706321098366,0.05931661976373361,-0.26091755711843984,0.0238891086700697,-0.0791494075584599,-0.026289259285930414,0.11472165390422705,-0.000624365301220467,0.09202626871140633,-0.027828677082551247,-0.04025518570079371,0.06957952539047463,0.11511278609359013,-0.03083441218689768,-0.032131646569796585,-0.1714625376073883,-0.17569716977931846,0.11672020796218567,0.13659691563302645,-0.014126624388394623,0.07915878767308479,0.020904160230725825,-0.012166385736105456,0.019377356457440056,0.08675042098151849,0.03359998486601351,0.1462205323881648,-0.26040471713233565,0.1625691657574979,0.007676678956291764,-0.015441551390650479,-0.04977009691136604,-0.2097403640776373,0.008509113476678869,-0.042057429540887474,0.1578316591299371,-0.04678746819512442,-0.07878498750994681,0.0016822405744585031,0.1082621375126335,0.10677870588379065,-0.10265549615640569,0.05812297167225301,0.013931094254301411,0.04340177436553491,-0.02239055928316793,0.08346745063286407,-0.04006111903740732,-0.12110044039952352,0.03383795149722397,-0.009573706277369858,-0.09052666822585473,-0.05874738749228295,-0.21113499325262802,0.04314057162641999,-0.04002693634883891,-0.09752369337452044,0.028329120072789385,-0.015682469461340554,0.15027538822082542,0.020861394745614947,0.07719348864345046,0.01763966068182269,-0.17946086440411005,0.0012544992168791297,0.026034813770441402,0.25640685650499134,-0.07073471021695904,0.03245869531501882,-0.05715560991641196,-0.11281367661691202,0.09024988437708999,0.20216238440782047,0.07710847551671911,-0.16115072379255335,0.1335704205597637,-0.11421716899733368,0.14235390668765321,0.18957294258406193,-0.17817503121425085,-0.01578792238872813
镍,-0.002355215087423812,-0.017435425790283586,0.02253079220409416,-0.03695269288333586,-0.01314725956716678,0.08260471714415063,-0.043676423723821745,-0.16065771007386795,0.17495839042054206,0.13814540786904866,-0.12922626951056188,0.06897078052451944,-0.050297477055134314,0.026348721533105957,0.029422412901349372,-0.0234407800316322,-0.07837656655863966,-0.06905410523162595,-0.09161919154812426,-0.08318222082304448,-0.006717829004935526,-0.07157599891107518,0.06820520657126199,0.14872461553359273,-0.0580053241370043,0.023940450053537708,0.049968511030293386,0.04720022709192744,0.007595526791608741,0.07426824183597223,0.048224895268065726,-0.12376624223272979,0.08691560643892732,0.08872908372667421,-0.07632861041785816,0.003793783544760203,0.06833289928110695,-0.02093138195793616,0.10729780477660118,0.2363872494619361,-0.07859860326349824,-0.1381044603153775,0.030381859560487574,0.07215625051261436,-0.0230866373844769,0.14532606633210343,-0.1338605799723249,0.06929186230316112,-0.060586082075889336,0.17193779062072967,0.19925153531681183,-0.0766656587783348,-0.05495571359085802,0.0859587886979802,-0.03871306497895147,-0.004541121793223822,0.0025388420542410183,-0.19196731561976565,-0.001383774609423725,-0.06897277740641738,-0.049312282239977204,0.1443632003468814,-0.12565068942792565,0.08132051867479773,-0.027896293033180853,-0.02797601684958344,0.07903718960517114,0.03400512945688904,0.0570612997219531,0.09681846605328612,-0.03313083831833227,-0.061223673450775035,-0.10851505265577982,-0.08254105299789552,0.29490944253087253,0.12446795807367868,-0.13510743662080213,-0.13224579567435701,0.04818660617184915,0.0547264797377967,0.054888383531736445,-0.025495579355369787,-0.012545426000290023,0.03278795241593574,0.008589300629333042,-0.22193003727475352,-0.022979963057519384,-0.08514064342603136,0.017521141890851206,0.29852590026034104,0.03674816654743044,-0.03135296861723979,0.09218015019772523,0.048268788720921274,0.04200944904518413,0.060685059321567106,0.20565435648295416,-0.11308884353259158,0.04736320768114545,-0.09263811299815385,0.05555126463422483,-0.09186865114860944,-0.04173668136050844,-0.029508991423790633,0.09758167193447091,0.09184544439424139,-0.12457173764463846,0.005493411099984873,-0.07095798547491726,-0.12585049106753346,-0.02170170504243704,-0.030848278845581972,0.24267164863455226,0.043295982536069616,-0.13776175007542374,-0.05647740041709423,0.10213832954293985,0.2088442772869925,-0.15859833122379585,-0.18799243851390451,0.18709651753717824,0.03896141773709039,-0.08682927318763665,0.05346290861224354,-0.26357477390168776,0.00033755065971609994,0.03278211728430853,0.09242701395378299
Ti-6Al-4V,-0.10138959522925378,0.008568716140335905,-0.09254246260595873,0.02553837556743171,-0.08953463223630242,-0.04081008391602206,-0.09958153947902292,0.0651136241823657,0.08584511166566654,-0.02346205699574138,0.003823799496002834,-0.1448591414633544,-0.02996766480067871,-0.005020461704174479,0.26207930910299754,-0.11119670257741637,0.14641772387524374,0.0996858773465808,0.02806364044901364,0.17586204841951336,0.03721054726068629,0.03891591956679288,-0.005312065301754535,0.12235688824186275,0.10964692338108838,-0.06256772874962124,-0.13192471945987674,-0.02029806373956571,-0.08000385643976465,-0.00635245746153551,0.12374381346841393,-0.045730165508679005,-0.004282338131157488,0.005802273480839523,0.08484308822052847,-0.22468893339846052,-0.06067002947652968,0.021128369227947273,0.12000789564268613,-0.04919024475062052,-0.1876552706041874,0.061971144596613625,-0.06353623888256293,-0.11896666590903614,-0.06243453897132241,-0.018452535765584956,-0.06047446645382128,-0.22055660570990693,0.08970661968871323,0.12748750412787221,0.06515219913395058,-0.11376856704248167,-0.0201491533947518,-0.0006521315229458063,0.05987943895619102,0.06683404887180809,-0.07341737987784958,0.008199555641356042,0.045728040461524115,0.14558223221467667,0.07045065398247231,0.07890566873755189,0.008382662792936094,0.1410459145203504,0.04097627959594974,-0.08610879101735705,0.1403369970125191,0.06979032725390276,-0.04430440211284823,-0.04794929673992434,0.02965755451407618,0.04631847952675847,0.019729226563120646,0.03113086734428849,0.16999573745763807,0.10715431522348857,0.019063559126502434,0.09413105807674833,-0.10325239035275396,0.0397927049946809,0.18093063497331102,-0.021804589539237387,-0.08476339286190848,-0.06520888885930608,-0.10896330373423885,-0.07847619081277035,-0.0370508098590029,-0.1405567019178642,0.0015618333949603048,0.09022771737866472,-0.09077561801469204,0.15192839236417688,0.051079208852759475,0.10305805856240574,-0.06578345538521371,0.08545252270666158,-0.10919339003953131,0.08902475008365088,0.01718393397935312,0.05532512199847837,-0.11755946056248517,-0.08950698422766047,0.05972282182533848,-0.09483480042242008,0.04632062920991231,-0.13671378064602457,0.08481742126666682,-0.12325233147685091,0.055229993767952325,0.06256309336460009,-0.0696771818429575,0.05820265670847269,0.026044226333355597,-0.05388418561927383,-0.10085546840762082,-0.19626256916725793,0.03496500472996937,-0.15648027713620552,0.009534419944130821,-0.026344821608224912,0.06791427754381955,-0.03020454994898642,-0.03294477863470914,0.07318707042882956,0.03350580290841176,0.03161559571827783,0.04692675898085263,-0.1535572123207106
alpha_beta,0.0756788679986982,0.061246879401360234,-0.10166831285764973,-0.02440804736742013,-0.003930728762763119,-0.013449678440173272,0.03338599665685347,0.14313667818311834,0.10817667276728288,-0.13122191934314062,0.06220699903060487,0.13289333195354097,0.03868085206892027,0.1090980425185967,0.20122704457007654,0.10237095461069814,0.02493085956417289,0.10450884740847535,0.01448878330968912,0.0023903043284955474,-0.03514142357137325,0.15634133588321084,-0.08184286659420015,0.15323677246781162,0.04998641237403714,-0.13993061748019417,0.03676492929914216,-0.21000265076516242,0.06255080168310358,0.08852314829889911,-0.05923559556520536,0.012354769595558234,0.19541574337502865,-0.05057467042619367,-0.10589075870566006,0.14816634024625988,0.19625871905307948,0.00036956718478473255,0.10114630354083563,0.1341475915530881,-0.0742484232538384,-0.04853058353678683,0.1230874513154735,0.16850142787085096,0.056288086017435485,-0.08798143535020543,0.19870611116994413,-0.053097089781196455,-0.033513778117145177,0.03423378344896215,0.1554160420714774,0.08539759765522237,0.04148655003619105,0.046328853011810625,0.004351466864346608,0.055813951451850634,-0.25295600776943034,-0.029660745906979837,0.0241321934916781,-0.11510140836195071,0.038632331781156,-0.020447122098612155,0.175547569831549,0.15730197252148564,-0.046580556911816284,-0.015083771156669533,-0.007394756560839259,-0.04516594761596227,0.019502498402812676,-0.07582820688875902,-0.11306153349375264,0.062271122390026856,0.06295295842218109,-0.08043157596599924,0.08953554307625997,-0.06315777291653314,0.02531652380379812,0.08203440126124562,-0.003361256470371301,0.04547409121411344,-0.05164296438875718,-0.01964665834280972,-0.020585943088034037,-0.0746578346540239,-0.01767741631157821,-0.15486182988637467,-0.04911537471421047,-0.028487549336967084,-0.025617975249538013,-0.024149744587077884,-0.006176419986012893,0.047944151808606394,0.08745170741325226,-0.06497652268482672,-0.12032008553891445,-0.1042044412243103,-0.04872029211949272,-0.03519213178165091,-0.07699960661974574,-0.12961166642498945,-0.04561208274741882,0.018142662011397137,0.059502946583556475,-0.05574230531083212,-0.04129978221434341,-0.09266983088473107,-0.003143917037477642,-0.08484286341908147,0.057312781324120016,-0.17858664919341113,-0.035962967245246245,0.03011073391917421,0.018383451632250438,0.2693033663980497,0.034980002456790754,-0.10040545968420103,-0.009546424708907304,-0.1776246333466452,-0.008059974929676089,-0.08330560570007588,0.09153902755601617,-0.054954027459553495,-0.011676591579524664,-0.06355578414044034,0.17388513518533313,-0.032124276611791173,0.18325570434792018,0.08141517621182666
aerospace,0.04820667273353862,0.036873314731751976,0.03937972982162516,-0.192767257934561,-0.027888339415075653,0.08451579711843216,-0.004889718347410555,-0.1405189846803575,-0.005240445057746946,0.17041055162554913,0.12468917155347195,-0.006200400936603175,0.09514492770580867,-0.036650702036805184,-0.1703871586826719,-0.09244659881295544,0.1562888768508198,-0.02739930818293042,-0.02433839793750181,-0.029983819627488056,0.1904136589573007,0.16259589153620635,0.2218780233448134,-0.01590452104000513,0.029562448874709508,-0.15166425494207914,0.14769344261182746,-0.11677795512679351,0.02167755637626291,-0.10973025276328441,-0.05888668267386961,-0.08372624310497004,-0.06078752606758179,-0.05391227031489786,-0.05482687949250771,0.08333339117803072,-0.11048627930625202,0.022054142701386687,0.12179591523055584,-0.051319636451339606,-0.07179188907476018,-0.023052462518025084,0.11797252083607102,0.01941076309533577,-0.05312142946075985,0.04838766511880398,-0.11022921498364234,0.0681359510442948,0.04086073077017677,-0.030780847113888413,-0.08385857984472311,-0.08866809222834574,0.05348173363459102,0.1228980502489062,-0.06373077470287948,0.04583867035514843,-0.2087027018602069,-0.05846177306571996,-0.0031058932870901956,-0.09096834169818337,-0.0936506374789596,-0.06677795564688863,0.029219272832637318,-0.01873290184063747,-0.2238231233324972,-0.21207001526350663,-0.06068651778571754,0.04576865860535521,-0.27475048427252347,-0.04997301761516307,-0.05262478565174211,0.1388337778208448,-0.03850218117128637,0.038298898474092846,0.014125714008746324,-0.21305664798072008,0.07682072166317373,0.021539650545628796,0.05082686396745896,0.3926237706436327,-0.20841129394985886,0.17246966497611085,-0.02874475194003556,0.02873289044030093,-0.0045512245301242175,-0.042423633339804354,-0.056983292823875875,0.03295087355730091,-0.15171736966716792,0.07505791675217656,-0.041619440488525394,-0.11300693390403578,-0.045001285799581375,0.12571492168625728,-0.053533508701622316,0.03584536182096203,-0.07309562757154733,0.07579218499236196,0.06855077387902041,0.18486088332964115,-0.017556394549921552,0.06686548047579066,0.009806753953894456,0.12958717818630144,-0.07188323876087303,0.07450053128772811,-0.01946972961166817,-0.006418817710849775,0.009175248444837287,0.025224039642667742,-0.011622904312195818,0.021471318317052637,0.15781180575621845,0.09854496856152184,0.08691545924968966,-0.04555395260238707,-0.08892408282283243,0.09553005582377529,0.08760467925297943,0.1472670675750982,-0.06039806259692296,-0.022954865536034708,-0.16394841625254342,-0.03924711060608729,0.09965705105794473,-0.0466495379228198,0.06404797952008238,-0.019050310599781135
Ti-3Al-2.5V,-0.17041953052423636,-0.013239055935038347,-0.10542348688150843,0.0220567029024263,-0.055076409382585644,-0.07499179803034145,-0.11326800208736096,0.06440010653489628,0.09332500954160594,-0.018570698260345245,0.025624088257131826,-0.10266716598126754,-0.010335959018130308,0.017658814471286442,0.18296815076567363,-0.10868531761913235,0.17039310127532417,0.13613293707510332,-0.006553898262676071,0.1429100846750811,0.00850551349650637,0.06573661456136004,0.046381987444455895,0.10198388287728266,0.15504503906244083,-0.056393738291391535,-0.13813900831799855,-0.030867275230464158,-0.042673288209656796,0.009926433377817994,0.2375350848507958,-0.0883413976585452,0.021622746970341302,-0.020657777009736124,0.04137873887109628,-0.22523229025020913,-0.053802405506177875,0.1670370469809519,0.11080060485852603,-0.1056991812248547,-0.17400473472946812,-0.04176085728070479,-0.06813407801277623,-0.11816540179427812,-0.02270451982406184,0.030228576705807392,-0.08565294739920715,-0.22808730644140357,0.05140057815817968,0.07108437638748752,0.0806469381029823,-0.17744784447231166,-0.04088049842334496,-0.05041082951790768,0.087363598270704,0.1569055538351325,-0.13849677901801616,-0.08445136850352242,0.03948369619402074,0.14636712201256458,0.0813836193203372,0.056589642975834645,-0.0016493021483354985,0.15942143504738052,0.0929978242281917,-0.1838612295332712,0.12189002506094598,0.08048076695095593,-0.09020320734338502,0.03860918484844065,-0.0021129394973606747,0.04425384517639433,0.04753033140523519,0.0015666279041937625,0.07766708506741721,0.0857215888776619,0.07053558692285447,0.0772863017374914,-0.1455741054257029,0.08607631546981698,0.16439189017215838,-0.04731263022174825,-0.077290588378743,-0.02667137837836671,0.010122372852388456,-0.0371143854298992,0.020941188460414317,-0.16585501186725699,-0.04973157190351351,0.09334428485962087,-0.08541712225171223,0.09800275529594701,0.04231448235755883,0.12302393864836228,-0.047763785634309705,0.1106669153758752,-0.09464515353265916,0.0636743171201481,-0.00851109735308904,-0.00462244790121543,-0.028320708603230424,-0.08883446599669582,0.048480169035595884,-0.14127440449504303,0.19310352432630123,-0.19038018225716935,0.06337502498636315,-0.1024604896625479,0.08524064205516621,0.11045969612538428,0.020703243545505665,0.0835105394815083,-0.026757313664977786,-0.06673144187536291,-0.08546384978192656,-0.09285126709196673,-0.03492526919124549,-0.09635145187494415,0.01853013842145166,0.015546705153249123,0.06281454171202296,-0.07232618145530274,0.00459886033535746,0.10590862178411062,0.08210865119539786,0.030950363949346065,0.01693565781486016,-0.23149656207190267
alpha,0.020232879642280203,0.1631856899089109,-0.07330329955239893,0.18180619225578248,0.07751554940347832,0.05530400858523585,0.023402445435314796,-0.024852861807444938,0.12005316584738726,0.014035986984804696,-0.19670697035871523,-0.11171864617070025,-0.01858457521927473,0.03099989831655551,-0.005658848889989584,0.12189707897936633,-0.1951101864038625,0.01435879365051602,-0.1817979225387155,0.07597122954841684,-0.009445871444200275,0.041960997202411816,-0.08638829605897662,0.1279464931657751,0.10417246640588514,0.05835443030118877,-0.012951724686344077,0.05798572852951322,-0.07068925679873489,0.08555556590207121,0.16494808943239211,0.10706105599791862,-0.07296024698074095,0.03614173172731029,-0.12931415437586477,0.057239031117567576,0.045060341286253885,-0.18698163395321643,-0.11617838439123639,-0.028313889674376716,-0.030085974714082628,-0.12094769354188054,0.038897872935218375,0.02514736089405121,-0.019426913197851933,-0.0755791500158363,0.10487071264165636,0.16554071130882952,-0.04835614838465371,-0.06121669171548208,0.04912076654119963,-0.03580293797469863,-0.013939720066323416,0.07396531517246714,-0.1909356087507293,0.13183023248526693,0.007268052432934134,-0.04114931445621803,-0.008923415422144892,-0.003757064497948127,-0.17312013034449256,0.1494938227453236,0.0041325632270618464,0.044300213044737524,0.09515497705740428,-0.10211624575603002,0.04734718990352285,-0.02676410908987936,0.08467707752164938,-0.21272274203514954,-0.0099094300241269,-0.06028206557839616,0.04322629506341555,0.047004418736820215,-0.07076258948220261,-0.07121738641760436,-0.011066536855732945,-0.08966422273152082,0.0841983695452127,-0.036920720044744615,-0.2906988219321642,-0.037482205662180614,-0.10385438208439723,-0.16312758154609455,-0.12374266382225725,0.010940847183297006,0.13286408282482312,0.031318447386498,-0.060650338821573974,0.04559041951707027,-0.04590903102189918,-0.06946003691631446,-0.11543626682329844,-0.17518288067517193,-0.03899237065594453,0.015805348992013187,-0.009662367001488974,-0.041596692794735865,-0.09457460606967812,0.06082461916849685,-0.1317131919946585,0.07760279138434754,-0.10022170189267249,-0.0752435237353035,-0.1466785190615677,-0.05014021468856367,0.09753124584779789,0.05156280884439565,0.09784221120280351,0.052214254593393586,-0.11036698285303692,-0.03307892243275574,-0.07801991291174627,0.13305749040390402,-0.11967886464263117,0.08936976893891109,0.08929538701087693,0.18296202017160873,-0.040968659262949736,0.07123221595801621,0.22816518365388427,-0.06176416769336967,-0.153504024753236,-0.18800100339077638,0.07127120288613313,-0.18831502080585838,-0.037231905293792285,0.04373131870389607
tubing,0.018517553682991406,0.04254448641841723,0.022228985580085407,0.12788658133133932,-0.0952316380738797,-0.06769951384585314,-0.07726594452708241,0.08301918118626102,0.09003985883950637,0.04512253193185082,0.11834936668899279,-0.11780408673763808,0.16672241115511371,0.15232386217122584,0.07356219972457467,0.178179890877106,-0.1656623207677774,-0.052444813626265185,-0.07353034606819524,0.07214793237573433,-0.10501407396021456,0.07574951493374855,0.13705361439967134,0.06952029000839993,0.028375102366150113,-0.09878733409007492,-0.08468509661253647,0.12496189052966666,0.07793490039053325,-0.0039019519377544117,-0.04179095457658906,-0.2025807873111377,-0.10708524186844388,0.19114190871397235,-0.12804555710024668,0.018947982122108065,0.10074439731951985,-0.12549226680022926,0.01847104747810833,0.09379155375106552,0.0012499321907250335,0.28684030556667683,-0.16685992588781953,0.10587285298838789,-0.017280173739646437,0.07719201548366751,0.04413071516992459,-0.07331561971099966,0.022899639245934026,-0.18579014513982872,0.06032475005713938,0.029815846599052565,0.06386601686431025,0.10581183250871502,0.03676198402097109,0.014808941979827621,-0.08810683366612923,-0.0712220763649051,0.1186734620177331,0.14363354057059785,-0.023811043631205408,0.004600274725327412,-0.09046143749937662,0.11727568452674449,0.06654168236917787,0.1941217436463749,-0.0878323077179739,-0.03780078990182172,0.02314459225255723,0.06464895377257707,-0.021566763754763234,-0.08729610904537005,0.08814075289235712,0.07211353625455817,-0.0916274100563725,0.1355442801105496,0.11701987091966037,0.013429649724779289,0.00795978623760364,0.05540577711159072,-0.08617030702562582,0.0030031479164082174,-0.21523835446091805,0.08764556455029356,-0.15614932224418596,0.1503419828428999,-0.03301200939664503,-0.02116669819311769,-0.06277339060845057,-0.02880388739220764,0.14185313451480366,-0.24878086565350796,0.12769653860881877,0.03380234811017082,-0.12070216478572156,-0.1075312393049238,0.1676393027208203,-0.09455068799427313,-0.11533505105959595,0.11373145423647293,0.03385528762859143,-0.09379255765363989,0.0216624975404619,-0.10257526836402774,0.11008213984226052,0.10613709648731336,0.053200619882194315,0.03616610612470166,0.17611881248673739,-3.136726117747121e-05,-0.11818741254208012,0.04494739128323069,0.2086047049537114,-0.10147594931858522,-0.036146276669398576,0.041644603810145266,-0.005390484900573916,-0.09823035803773146,0.1121857856230471,0.23200407220172595,0.019613145902390734,-0.09040682897360003,-0.15489605250534752,0.025797598122118088,0.11038773433162577,0.047516774649538164,-0.00024038409188538443,-0.058927165178930624
Ti-10V-2Fe-3Al,-0.06042093182228346,0.02976319026253521,-0.1408315942491567,-0.0013903080973995015,-0.11287257283387445,-0.11495930551514297,-0.14046565930927962,0.008422106342047993,0.0652211610712697,-0.06039693191221952,-0.07752644654733461,-0.04372962993488033,0.03265937175078283,-0.043971432780173764,0.275700378935678,-0.09032344808635162,0.2059720166139176,0.05875562601357687,0.08266897964813494,0.14846678320916662,-0.029582572947744384,0.07512274753251774,0.059225855904366874,0.251752336918397,0.0496606601265777,-0.0276217444955818,-0.1524147816495534,0.01886987178663586,-0.1535283340013272,-0.06949094624646372,0.08495007231008973,-0.041781963225274776,-0.03633640145807526,0.03875499067651051,0.1361878191334242,-0.19471005633619273,0.020269352506513724,0.04191970070071442,0.05916306012567777,0.01897858092629648,-0.21791308238448728,0.10749206958089214,0.015150471945192381,-0.09613226537251618,-0.13724247962955488,-0.06436314409107453,0.005662756890435508,-0.22901273999204774,0.09368529643582152,0.16542872493605268,0.09996834223796675,-0.09982857642320864,-0.030582571955775094,-0.01628555380956367,0.10277438022075817,0.09451252542519775,-0.08628237990873906,0.06230517129101308,0.03927633470503493,0.10299912349795701,0.03250211903730507,0.02996862692206359,-0.005237838037248265,0.20273212843716004,0.0007215205444242936,-0.0766850029664519,0.10750252973114843,0.05677487519033088,-0.11980646271211084,-0.058976208197751206,0.019972285523828077,0.07333287672854324,0.030893272225889175,-0.028788738903313776,0.2242056496598152,0.11766946723458835,0.02898323498537677,0.09367194040749138,-0.12914026271386495,0.0506828219821172,0.20471005676974013,-0.10914937410651514,-0.11170143472921326,-0.07795623737948554,-0.09615477344952494,-0.018810640516414054,-0.07563785058884202,-0.1654547942587563,-0.0240648721373672,0.050151337873437646,-0.10813494277030516,0.19046850336357543,-0.00161256591545781,0.1244487783200509,-0.1508785668861305,0.05738562288455128,-0.1256678550504306,0.1727677337293541,0.003443818741718719,-0.054737051674067554,-0.2175039059055477,-0.08780550491032642,0.09041136461483391,-0.07606200754105744,0.054699134499961825,-0.07860080077074122,0.05783786022981023,-0.07850680367550965,-0.026370750483368545,0.017315701717696773,-0.16002925158954834,0.04446039167498308,0.02373116547003847,-0.048179111007947834,-0.09776130076326406,-0.24264023570784432,0.025452962509308584,-0.23135261056649295,0.07769586870074334,-0.04152612525312496,0.04346997159163499,0.04924246647321772,-0.0950571053121706,0.016907714727231106,-0.021305213335016504,0.028222026633303733,0.06850834046273249,-0.11657343891481892
beta,0.10887696542166721,-0.03763007249249961,0.0018819049740598425,-0.11716543473175618,0.16957228778108654,0.18972886947731116,0.015669372824652462,0.10235306441853448,0.017528677893392387,-0.13367254388759306,-0.04118233689636573,0.013192796677195707,-0.04545477187434442,-0.0218653277435036,-0.009139955750911446,-0.008087849786546131,0.005225849049748321,-0.1060605066396601,-0.07170161491279363,-0.12845842656999693,0.09778155496862004,-0.21056469418403245,0.11535903433169255,0.13863493972628435,-0.03021805869826214,-0.26031370878272986,-0.03613105619672905,-0.006418416128881928,-0.10105982199289135,-0.051521839380824275,0.15301951988633514,0.0664927162301741,-0.09245641143781,-0.15975991695954322,-0.03270173176097711,-0.021345677935043827,0.049619918736331634,-0.0535316712567659,0.05114995753618615,0.19351540400602293,0.08155010224442627,-0.0048088507330772585,-0.01831504710532947,-0.03566731341798712,0.11806409124521447,-0.06273134459513029,0.004522270899998257,0.005119790188108535,-0.0501784192811532,-0.13724655478841008,0.032297450361766816,-0.006100397185538356,0.05002404694365699,-0.053360030643916694,0.12208212988130479,-0.08767737812118448,0.17120402840178928,-0.17476365098282617,0.04347700645568912,0.04754306825266235,-0.07955570679408824,0.04243939378610126,0.12795186697601588,-0.22168188393540644,0.05027448074908147,-0.24932708203300777,-0.09656648035232081,0.16291663649009452,-0.058178203339205405,-0.11738799644089726,-0.01979377289846819,0.2067906338163552,-0.18316822472060262,-0.10513099116393446,0.14974316831796264,0.18577023435377327,-0.010343122429028392,-0.12390527025266425,0.20958435018091592,0.15944423917491968,0.0678946987762233,-0.081240234893742,-0.0049029340838036735,-0.016036008104483076,0.033085130461557775,0.1451001438131336,0.08794170411374032,-0.10773760769847583,0.13764964500195379,0.03131321400131553,0.06870657958589163,0.1466540859278603,-0.11115802495135513,-0.0035825578706462934,-0.053145455135921504,-0.1567859425365456,0.03467099776049199,0.25115565515844235,-0.18400777445057528,-0.003228061104947033,0.06405429350747735,0.012307820165618115,-0.011312805251574042,-0.12992163634458243,0.023278674294016366,-0.07567639770159264,-0.21899217049785535,0.11945922205137308,0.09583858198420425,0.0051660976851079805,0.022907468820570258,0.10743180127155615,0.02243396567780826,0.09040175547613144,-0.029748220087385015,0.13119837385739466,0.03207857259326839,0.019405194360587404,-0.1270061088712032,0.028695585430170874,-0.08319549174944513,-0.06382827265284942,-0.08153756283161212,-0.10662349318992251,0.21247714030169618,0.13313390619884033,0.19203675021442612,-0.12228950195555639
high_strength,0.007125374991089249,-0.12935076252040958,-0.0695694877197064,-0.09181269834165749,0.12395840064415616,-0.03962296781017599,0.10683793336940164,0.0604120889588518,0.2303638752104789,-0.1479444223139724,0.1259233239786799,0.11464408704007277,-0.09733788380270347,0.10071333364731597,0.033614496302622886,-0.02274762599534078,-0.08239354869719996,-0.0719109451449186,0.20498120957859262,6.82818957482628e-05,0.07821300015314592,-0.07908993816675532,-0.07798529462216389,0.10819848092499423,-0.13495762115515322,-0.041521376790527156,0.003402741107223205,0.011137260184005243,-0.017909328501615626,0.03958197810959231,0.06928557558178115,0.073463754545933,-0.09858038086678267,-0.02841550979287972,0.11947628618769378,0.08946471875738723,-0.1372859451481064,0.03514799003522017,-0.19782252493748104,0.004693490206036963,0.1897767016745977,-0.09478927172689863,-0.08343230454915822,0.07640297815728596,-0.1542801515209646,-0.06327550298850391,0.05964411375817527,-0.06342858476894031,-0.023596998721097162,0.07441857103150346,0.04215460835365613,0.02668183962954019,-0.03391222792700387,0.037006111526895535,-0.012373268009975662,0.045780560992578476,-0.049693202511797825,-0.01825689743795411,-0.0989957792552014,-0.0035007610006235904,-0.08110008636288449,-0.11140464501619934,0.025866114785538814,0.021273977585766032,0.07828737349485726,-0.04311255695750991,0.04080528468367557,0.05507975722736633,0.04447738078315948,-0.08256536828021421,0.01493634822711889,0.036414029605466136,0.0007178466907941943,-0.20864776583710848,0.01604896239734801,0.22125310393972422,-0.036003926875698276,-0.07280770978553212,0.03733485597113982,0.031237821046657174,0.11927351654164145,-0.12578681559088878,0.07313802525749924,0.05904220612514635,-0.014214653694054611,0.033868731792169,0.10294574815983573,0.08723153800284504,-0.11430193120737286,0.08201581867554845,-0.006468860503251849,0.0072874098015515395,0.00731969910016945,-0.015024298879825999,0.1191707497107065,-0.008371795984921201,-0.11195461283831687,-0.03935298559697289,0.01786947168104756,0.12292147842970505,0.06030946849488336,-0.0850535278747044,0.24851899166788916,0.026477531097797963,0.12753907379990148,-0.015171443357722914,0.05333592447054494,0.08394685045184047,0.1218194711754256,0.10573683053782251,0.08721970000729778,-0.031508673119410864,-0.05717460419560614,0.03326075103241976,0.09331280723410694,-0.022272070077660706,0.10651719657143865,0.14526167454861794,-0.09163209190734198,-0.083692070379628,-0.014037505890533646,0.030761266818919643,-0.0524567013767051,0.13522026788671446,0.04240668615184512,0.003944704824073949,-0.14359095238685277,-0.13158158164275072
Ti-6Al-2Sn-4Zr-2Mo,0.027210170645494663,-0.10390290656970229,-0.062105683149737884,-0.0023181530611798493,-0.1188553896807411,-0.07179869032871594,-0.14502002301942157,0.14933986591253828,0.12795997801636166,-0.02230225806787264,0.07137458712035286,-0.22048558972829818,-0.09650292136722502,-0.11391884831390886,0.22710858209683316,-0.10311177624217872,0.15156065277186045,0.10715297289957482,-0.04248920110429045,0.21601978555021445,0.04919192317263619,0.07556863364009281,-0.09995017418125712,0.13793143118175225,0.050258661385212025,-0.08243389137718934,-0.10520647452805758,-0.01574338342677005,-0.1225808554287306,-0.006038799652314596,0.04716704770623177,0.011783204286235804,-0.014546539105970051,0.06172977069360582,0.058516503865726315,-0.25086773281878966,-0.098879368808422,0.06493706581260104,0.08453633777626234,-0.016960473129861695,-0.2067778904876519,-0.03682702039796737,-0.09205194227188623,-0.17792207662717854,-0.060739402787205535,-0.07797292254930946,-0.014175711418090438,-0.22511039872755828,0.08082681995077629,0.16028211101725134,0.1133475458377437,-0.11477350463096425,-0.05870916837221633,-0.08935061232855229,0.02557695110443202,0.035973436539410014,-0.06806450722823473,-0.009057788415545318,0.08012468906409552,0.1149330686511422,0.06759859563982523,0.13810504089739636,0.02547392349068442,0.13804403743592217,0.010879057499190884,-0.11777036085310591,0.0978063343649217,0.04273998396475779,-0.006521110175632498,-0.059043710304537776,-0.03783109895498538,0.13472694417974765,0.0357274861203788,-0.03921630268136998,0.14790329109559688,0.11269863436490947,0.1042931637913713,0.03872543516380487,-0.05445035438495663,0.10976702634329805,0.1494979197195825,-0.03568027048224906,-0.13657885523059698,-0.07538194591332133,-0.11079280245138541,-0.04549369090865183,0.01745836369201944,-0.17796150514894657,-0.09680441981633943,0.08916547841485262,-0.07609874151626002,0.16439927674842897,0.03474554647730728,0.10929566354560247,0.009988785032398667,0.10453923115478704,-0.12786181128968555,0.06401485922885108,0.008691316095466589,0.13716212009001036,-0.12672449603879504,-0.09049670145369587,0.03560714327852333,-0.03988563255032184,0.14431249194714607,-0.11418312817445515,0.08895606645593811,-0.12141318981813917,-0.06398534567133496,0.09982063657884097,-0.06296886104316532,0.07961975924150894,-0.009528883370829647,-0.07310702956812841,-0.12140671523277946,-0.14518141996360598,0.016027012899814702,-0.05234726103071563,0.031077540894882693,-0.09012895460801149,0.06148696288122171,-0.06278830605680721,-0.14266390212571034,0.15316061743451903,0.06866293001941196,0.05827596161324346,0.05519694199583784,-0.2226580907553325
high_temperature,-0.06143231440962944,-0.07097889922335351,0.09788895585567792,-0.13717431292635057,0.16087808557343736,0.08282296901846228,0.1090861670603698,-0.04629395120252583,-0.014994071907910937,-0.1433151814524712,-0.0524662407066803,0.04936548476431509,0.12960630617813962,-0.11071568168024518,-0.03655059369852658,-0.015129922023252232,-0.13957892021924853,0.059134924175840035,-0.07239903317426091,-0.0195390351177024,-0.04519493719118777,-0.07893385057196745,-0.00070449854805547,-0.02156095785680224,-0.037185788227866556,-0.07284616216803429,0.03195246707829554,0.1653617268492285,0.013988723283912739,0.0996118214911129,-0.13902219251534628,0.01577614392937695,-0.10973683189710666,-0.14769249275319016,-0.07393714074590363,0.1191899334413573,0.09500158286696457,0.02430047220543997,-0.1532700559889931,-0.01962806513879368,0.030170000890173555,0.017553622957859793,-0.1843793583480746,-0.08903178480198719,-0.0064077764148716635,0.053629090951719,-0.21961278210999466,-0.016212397547985844,0.014304876987895235,0.08496119885162132,0.06928575842374367,0.058257131880880525,-0.07999405067019343,-0.19080021371233077,-0.0393052757061401,0.10016318252085601,0.13934545275244314,0.07105491022977854,0.04293408228017344,0.03796396483859655,-0.05561187467607806,-0.013006029355362004,0.1669069525826331,-0.09425580057918764,0.16147787907098515,-0.03220281544920584,0.13254321090950785,-0.14068150094975382,0.05859042011646492,-0.0736770135947622,-0.14152671919241874,0.021853404241094568,0.10094717885959688,-0.08449414385934964,-0.14990159604584014,-0.009184476433495513,-0.008743532877718108,0.054831962755449874,0.09495945713644882,-0.00594151812724941,0.18555033147942632,0.02242347445352918,-0.03464265060068996,-0.1611567359102828,-0.026265952031616774,-0.03363869454111362,0.09603047962814704,0.04624836240668541,-0.11793691216326173,0.01722543864110375,0.06715311717290534,0.15280313593878328,0.08875039674140595,0.07608466543114778,0.0060085994615163615,0.038831200542344964,0.12495049007061587,-0.13327773974796497,-0.034943932721695596,-0.07725687487562408,0.03791531187261241,0.12302221756507876,-0.059697428672107394,-0.2390304367469438,-0.04122207450244702,0.09134737320174066,0.05376299029498797,0.042818624781057614,-0.027999330187447977,-0.12790307362197864,0.051529432162446744,-0.08342818100346248,0.21840967333804562,0.057050720835451596,-0.058064830255395106,-0.061138524738862825,-0.009294420661358828,-0.02395019220217498,0.11168337755299543,0.018641616974404633,-0.0731631738908528,0.18904406851557828,0.004930833152022264,0.07688396759688969,-0.06082265074447593,0.03631156277445234,0.031110999114319523,-0.1889649292096153
